time,flowcount
"03/01/2024, 22:08:44",1
"03/01/2024, 22:08:46",1
"03/01/2024, 22:08:48",1
"03/01/2024, 22:08:50",1
"03/01/2024, 22:08:52",1
"03/01/2024, 22:08:54",1
"03/01/2024, 22:08:56",1
"03/01/2024, 22:08:58",1
"03/01/2024, 22:09:00",1
"03/01/2024, 22:09:02",1
"03/01/2024, 22:09:04",1
"03/01/2024, 22:09:07",1
"03/01/2024, 22:09:08",1
"03/01/2024, 22:09:10",17
"03/01/2024, 22:09:12",43
"03/01/2024, 22:09:14",43
"03/01/2024, 22:09:16",43
"03/01/2024, 22:09:18",43
"03/01/2024, 22:09:20",43
"03/01/2024, 22:09:22",43
"03/01/2024, 22:09:24",43
"03/01/2024, 22:09:26",43
"03/01/2024, 22:09:28",43
"03/01/2024, 22:09:30",43
"03/01/2024, 22:09:32",43
"03/01/2024, 22:09:34",43
"03/01/2024, 22:09:36",43
"03/01/2024, 22:09:38",43
"03/01/2024, 22:09:40",43
"03/01/2024, 22:09:42",43
"03/01/2024, 22:09:44",43
"03/01/2024, 22:09:46",43
"03/01/2024, 22:09:48",43
"03/01/2024, 22:09:50",43
"03/01/2024, 22:09:52",43
"03/01/2024, 22:09:54",43
"03/01/2024, 22:09:57",43
"03/01/2024, 22:09:58",43
"03/01/2024, 22:10:00",43
"03/01/2024, 22:10:02",43
"03/01/2024, 22:10:04",43
"03/01/2024, 22:10:06",43
"03/01/2024, 22:10:08",43
"03/01/2024, 22:10:10",43
"03/01/2024, 22:10:12",43
"03/01/2024, 22:10:14",43
"03/01/2024, 22:10:16",43
"03/01/2024, 22:10:18",43
"03/01/2024, 22:10:20",43
"03/01/2024, 22:10:22",43
"03/01/2024, 22:10:24",43
"03/01/2024, 22:10:26",43
"03/01/2024, 22:10:28",43
"03/01/2024, 22:10:30",43
"03/01/2024, 22:10:32",43
"03/01/2024, 22:10:34",43
"03/01/2024, 22:10:36",43
"03/01/2024, 22:10:38",43
"03/01/2024, 22:10:40",43
"03/01/2024, 22:10:43",43
"03/01/2024, 22:10:44",43
"03/01/2024, 22:10:46",43
"03/01/2024, 22:10:48",43
"03/01/2024, 22:10:50",43
"03/01/2024, 22:10:52",43
"03/01/2024, 22:10:54",43
"03/01/2024, 22:10:56",43
"03/01/2024, 22:10:58",43
"03/01/2024, 22:11:01",43
"03/01/2024, 22:11:02",43
"03/01/2024, 22:11:04",43
"03/01/2024, 22:11:06",43
"03/01/2024, 22:11:09",43
"03/01/2024, 22:11:11",43
"03/01/2024, 22:11:13",43
"03/01/2024, 22:11:15",43
"03/01/2024, 22:11:17",43
"03/01/2024, 22:11:19",43
"03/01/2024, 22:11:21",43
"03/01/2024, 22:11:23",43
"03/01/2024, 22:11:25",43
"03/01/2024, 22:11:27",43
"03/01/2024, 22:11:29",43
"03/01/2024, 22:11:31",43
"03/01/2024, 22:11:33",43
"03/01/2024, 22:11:35",43
"03/01/2024, 22:11:37",43
"03/01/2024, 22:11:39",43
"03/01/2024, 22:11:41",43
"03/01/2024, 22:11:43",43
"03/01/2024, 22:11:45",43
"03/01/2024, 22:11:47",43
"03/01/2024, 22:11:49",43
"03/01/2024, 22:11:51",43
"03/01/2024, 22:11:53",43
"03/01/2024, 22:11:55",43
"03/01/2024, 22:11:57",43
"03/01/2024, 22:11:59",43
"03/01/2024, 22:12:01",43
"03/01/2024, 22:12:03",43
"03/01/2024, 22:12:05",43
"03/01/2024, 22:12:07",43
"03/01/2024, 22:12:09",43
"03/01/2024, 22:12:11",43
"03/01/2024, 22:12:13",43
"03/01/2024, 22:12:15",43
"03/01/2024, 22:12:17",43
"03/01/2024, 22:12:19",43
"03/01/2024, 22:12:21",43
"03/01/2024, 22:12:23",43
"03/01/2024, 22:12:25",43
"03/01/2024, 22:12:27",43
"03/01/2024, 22:12:29",43
"03/01/2024, 22:12:31",43
"03/01/2024, 22:12:33",43
"03/01/2024, 22:12:35",43
"03/01/2024, 22:12:37",43
"03/01/2024, 22:12:39",43
"03/01/2024, 22:12:41",43
"03/01/2024, 22:12:43",43
"03/01/2024, 22:12:45",43
"03/01/2024, 22:12:47",43
"03/01/2024, 22:12:49",43
"03/01/2024, 22:12:51",43
"03/01/2024, 22:12:53",43
"03/01/2024, 22:12:55",43
"03/01/2024, 22:12:57",43
"03/01/2024, 22:12:59",43
"03/01/2024, 22:13:01",43
"03/01/2024, 22:13:03",43
"03/01/2024, 22:13:05",43
"03/01/2024, 22:13:07",43
"03/01/2024, 22:13:09",43
"03/01/2024, 22:13:11",43
"03/01/2024, 22:13:13",43
"03/01/2024, 22:13:15",43
"03/01/2024, 22:13:17",43
"03/01/2024, 22:13:19",43
"03/01/2024, 22:13:21",43
"03/01/2024, 22:13:23",43
"03/01/2024, 22:13:25",43
"03/01/2024, 22:13:27",43
"03/01/2024, 22:13:29",43
"03/01/2024, 22:13:31",43
"03/01/2024, 22:13:33",43
"03/01/2024, 22:13:35",43
"03/01/2024, 22:13:37",43
"03/01/2024, 22:13:39",43
"03/01/2024, 22:13:41",43
"03/01/2024, 22:13:43",43
"03/01/2024, 22:13:45",43
"03/01/2024, 22:13:47",43
"03/01/2024, 22:13:49",43
"03/01/2024, 22:13:51",43
"03/01/2024, 22:13:53",43
"03/01/2024, 22:13:55",43
"03/01/2024, 22:13:57",43
"03/01/2024, 22:13:59",43
"03/01/2024, 22:14:01",43
"03/01/2024, 22:14:03",43
"03/01/2024, 22:14:05",43
"03/01/2024, 22:14:07",43
"03/01/2024, 22:14:09",43
"03/01/2024, 22:14:11",43
"03/01/2024, 22:14:13",43
"03/01/2024, 22:14:15",43
"03/01/2024, 22:14:17",43
"03/01/2024, 22:14:20",43
"03/01/2024, 22:14:22",43
"03/01/2024, 22:14:24",43
"03/01/2024, 22:14:26",43
"03/01/2024, 22:14:28",43
"03/01/2024, 22:14:30",43
"03/01/2024, 22:14:32",43
"03/01/2024, 22:14:34",43
"03/01/2024, 22:14:36",43
"03/01/2024, 22:14:38",43
"03/01/2024, 22:14:40",43
"03/01/2024, 22:14:42",43
"03/01/2024, 22:14:44",43
"03/01/2024, 22:14:46",43
"03/01/2024, 22:14:48",43
"03/01/2024, 22:14:50",43
"03/01/2024, 22:14:52",43
"03/01/2024, 22:14:54",43
"03/01/2024, 22:14:56",43
"03/01/2024, 22:14:58",43
"03/01/2024, 22:15:00",43
"03/01/2024, 22:15:02",43
"03/01/2024, 22:15:04",43
"03/01/2024, 22:15:06",43
"03/01/2024, 22:15:08",43
"03/01/2024, 22:15:10",43
"03/01/2024, 22:15:12",43
"03/01/2024, 22:15:14",43
"03/01/2024, 22:15:16",43
"03/01/2024, 22:15:18",43
"03/01/2024, 22:15:20",43
"03/01/2024, 22:15:22",43
"03/01/2024, 22:15:24",43
"03/01/2024, 22:15:26",43
"03/01/2024, 22:15:28",43
"03/01/2024, 22:15:30",43
"03/01/2024, 22:15:32",43
"03/01/2024, 22:15:34",43
"03/01/2024, 22:15:36",43
"03/01/2024, 22:15:38",43
"03/01/2024, 22:15:40",43
"03/01/2024, 22:15:42",43
"03/01/2024, 22:15:44",43
"03/01/2024, 22:15:46",43
"03/01/2024, 22:15:48",43
"03/01/2024, 22:15:50",43
"03/01/2024, 22:15:52",43
"03/01/2024, 22:15:54",43
"03/01/2024, 22:15:56",43
"03/01/2024, 22:15:58",43
"03/01/2024, 22:16:00",43
"03/01/2024, 22:16:02",43
"03/01/2024, 22:16:04",43
"03/01/2024, 22:16:06",43
"03/01/2024, 22:16:08",43
"03/01/2024, 22:16:10",43
"03/01/2024, 22:16:12",43
"03/01/2024, 22:16:14",43
"03/01/2024, 22:16:16",43
"03/01/2024, 22:16:18",43
"03/01/2024, 22:16:20",43
"03/01/2024, 22:16:22",43
"03/01/2024, 22:16:24",43
"03/01/2024, 22:16:26",43
"03/01/2024, 22:16:28",43
"03/01/2024, 22:16:30",43
"03/01/2024, 22:16:32",43
"03/01/2024, 22:16:34",43
"03/01/2024, 22:16:36",43
"03/01/2024, 22:16:38",43
"03/01/2024, 22:16:40",43
"03/01/2024, 22:16:42",43
"03/01/2024, 22:16:44",43
"03/01/2024, 22:16:46",43
"03/01/2024, 22:16:48",43
"03/01/2024, 22:16:50",43
"03/01/2024, 22:16:52",43
"03/01/2024, 22:16:54",43
"03/01/2024, 22:16:56",43
"03/01/2024, 22:16:58",43
"03/01/2024, 22:17:00",43
"03/01/2024, 22:17:02",43
"03/01/2024, 22:17:04",43
"03/01/2024, 22:17:06",43
"03/01/2024, 22:17:08",43
"03/01/2024, 22:17:10",43
"03/01/2024, 22:17:12",43
"03/01/2024, 22:17:14",43
"03/01/2024, 22:17:16",43
"03/01/2024, 22:17:18",43
"03/01/2024, 22:17:20",43
"03/01/2024, 22:17:22",43
"03/01/2024, 22:17:24",43
"03/01/2024, 22:17:26",43
"03/01/2024, 22:17:28",43
"03/01/2024, 22:17:30",43
"03/01/2024, 22:17:32",43
"03/01/2024, 22:17:34",43
"03/01/2024, 22:17:36",43
"03/01/2024, 22:17:38",43
"03/01/2024, 22:17:40",43
"03/01/2024, 22:17:42",43
"03/01/2024, 22:17:44",43
"03/01/2024, 22:17:46",43
"03/01/2024, 22:17:48",43
"03/01/2024, 22:17:50",43
"03/01/2024, 22:17:52",43
"03/01/2024, 22:17:54",43
"03/01/2024, 22:17:56",43
"03/01/2024, 22:17:58",43
"03/01/2024, 22:18:00",43
"03/01/2024, 22:18:02",43
"03/01/2024, 22:18:04",43
"03/01/2024, 22:18:06",43
"03/01/2024, 22:18:08",43
"03/01/2024, 22:18:10",43
"03/01/2024, 22:18:12",43
"03/01/2024, 22:18:14",43
"03/01/2024, 22:18:16",43
"03/01/2024, 22:18:18",43
"03/01/2024, 22:18:20",43
"03/01/2024, 22:18:22",43
"03/01/2024, 22:18:24",43
"03/01/2024, 22:18:26",43
"03/01/2024, 22:18:28",43
"03/01/2024, 22:18:30",43
"03/01/2024, 22:18:32",43
"03/01/2024, 22:18:34",43
"03/01/2024, 22:18:36",43
"03/01/2024, 22:18:38",43
"03/01/2024, 22:18:40",43
"03/01/2024, 22:18:42",43
"03/01/2024, 22:18:44",43
"03/01/2024, 22:18:46",43
"03/01/2024, 22:18:48",43
"03/01/2024, 22:18:50",43
"03/01/2024, 22:18:52",43
"03/01/2024, 22:18:54",43
"03/01/2024, 22:18:56",43
"03/01/2024, 22:18:58",43
"03/01/2024, 22:19:00",43
"03/01/2024, 22:19:02",43
"03/01/2024, 22:19:04",43
"03/01/2024, 22:19:06",43
"03/01/2024, 22:19:08",43
"03/01/2024, 22:19:10",43
"03/01/2024, 22:19:12",43
"03/01/2024, 22:19:14",43
"03/01/2024, 22:19:16",43
"03/01/2024, 22:19:18",43
"03/01/2024, 22:19:20",43
"03/01/2024, 22:19:22",43
"03/01/2024, 22:19:24",43
"03/01/2024, 22:19:26",43
"03/01/2024, 22:19:28",43
"03/01/2024, 22:19:30",43
"03/01/2024, 22:19:32",43
"03/01/2024, 22:19:34",43
"03/01/2024, 22:19:36",43
"03/01/2024, 22:19:38",43
"03/01/2024, 22:19:40",43
"03/01/2024, 22:19:42",43
"03/01/2024, 22:19:44",43
"03/01/2024, 22:19:46",43
"03/01/2024, 22:19:48",43
"03/01/2024, 22:19:50",43
"03/01/2024, 22:19:52",43
"03/01/2024, 22:19:54",43
"03/01/2024, 22:19:56",43
"03/01/2024, 22:19:58",43
"03/01/2024, 22:20:00",43
"03/01/2024, 22:20:02",43
"03/01/2024, 22:20:04",43
"03/01/2024, 22:20:06",43
"03/01/2024, 22:20:08",43
"03/01/2024, 22:20:10",43
"03/01/2024, 22:20:12",43
"03/01/2024, 22:20:14",43
"03/01/2024, 22:20:16",43
"03/01/2024, 22:20:18",43
"03/01/2024, 22:20:20",43
"03/01/2024, 22:20:22",43
"03/01/2024, 22:20:24",43
"03/01/2024, 22:20:26",43
"03/01/2024, 22:20:28",43
"03/01/2024, 22:20:30",43
"03/01/2024, 22:20:32",43
"03/01/2024, 22:20:34",43
"03/01/2024, 22:20:36",43
"03/01/2024, 22:20:38",43
"03/01/2024, 22:20:40",43
"03/01/2024, 22:20:42",43
"03/01/2024, 22:20:44",43
"03/01/2024, 22:20:46",43
"03/01/2024, 22:20:48",43
"03/01/2024, 22:20:50",43
"03/01/2024, 22:20:52",43
"03/01/2024, 22:20:54",43
"03/01/2024, 22:20:56",43
"03/01/2024, 22:20:58",43
"03/01/2024, 22:21:00",43
"03/01/2024, 22:21:02",43
"03/01/2024, 22:21:04",43
"03/01/2024, 22:21:06",43
"03/01/2024, 22:21:08",43
"03/01/2024, 22:21:10",43
"03/01/2024, 22:21:13",43
"03/01/2024, 22:21:14",43
"03/01/2024, 22:21:16",43
"03/01/2024, 22:21:18",43
"03/01/2024, 22:21:20",43
"03/01/2024, 22:21:22",43
"03/01/2024, 22:21:24",43
"03/01/2024, 22:21:26",43
"03/01/2024, 22:21:28",43
"03/01/2024, 22:21:30",43
"03/01/2024, 22:21:32",43
"03/01/2024, 22:21:34",43
"03/01/2024, 22:21:36",43
"03/01/2024, 22:21:38",43
"03/01/2024, 22:21:40",43
"03/01/2024, 22:21:42",43
"03/01/2024, 22:21:44",43
"03/01/2024, 22:21:46",43
"03/01/2024, 22:21:48",43
"03/01/2024, 22:21:50",43
"03/01/2024, 22:21:52",43
"03/01/2024, 22:21:54",43
"03/01/2024, 22:21:56",43
"03/01/2024, 22:21:58",43
"03/01/2024, 22:22:00",43
"03/01/2024, 22:22:02",43
"03/01/2024, 22:22:04",43
"03/01/2024, 22:22:06",43
"03/01/2024, 22:22:08",43
"03/01/2024, 22:22:10",43
"03/01/2024, 22:22:12",43
"03/01/2024, 22:22:14",43
"03/01/2024, 22:22:16",43
"03/01/2024, 22:22:18",43
"03/01/2024, 22:22:20",43
"03/01/2024, 22:22:22",43
"03/01/2024, 22:22:24",43
"03/01/2024, 22:22:26",43
"03/01/2024, 22:22:28",43
"03/01/2024, 22:22:30",43
"03/01/2024, 22:22:32",43
"03/01/2024, 22:22:34",43
"03/01/2024, 22:22:36",43
"03/01/2024, 22:22:38",43
"03/01/2024, 22:22:40",43
"03/01/2024, 22:22:42",43
"03/01/2024, 22:22:44",43
"03/01/2024, 22:22:46",43
"03/01/2024, 22:22:48",43
"03/01/2024, 22:22:50",43
"03/01/2024, 22:22:52",43
"03/01/2024, 22:22:54",43
"03/01/2024, 22:22:56",43
"03/01/2024, 22:22:58",43
"03/01/2024, 22:23:00",43
"03/01/2024, 22:23:02",43
"03/01/2024, 22:23:04",43
"03/01/2024, 22:23:06",43
"03/01/2024, 22:23:08",43
"03/01/2024, 22:23:10",43
"03/01/2024, 22:23:12",43
"03/01/2024, 22:23:14",43
"03/01/2024, 22:23:16",43
"03/01/2024, 22:23:18",43
"03/01/2024, 22:23:21",43
"03/01/2024, 22:23:22",43
"03/01/2024, 22:23:24",43
"03/01/2024, 22:23:26",43
"03/01/2024, 22:23:28",43
"03/01/2024, 22:23:30",43
"03/01/2024, 22:23:32",43
"03/01/2024, 22:23:34",43
"03/01/2024, 22:23:36",43
"03/01/2024, 22:23:38",43
"03/01/2024, 22:23:40",43
"03/01/2024, 22:23:42",43
"03/01/2024, 22:23:44",43
"03/01/2024, 22:23:46",43
"03/01/2024, 22:23:48",43
"03/01/2024, 22:23:50",43
"03/01/2024, 22:23:52",43
"03/01/2024, 22:23:54",43
"03/01/2024, 22:23:56",43
"03/01/2024, 22:23:59",43
"03/01/2024, 22:24:00",43
"03/01/2024, 22:24:02",43
"03/01/2024, 22:24:04",43
"03/01/2024, 22:24:07",43
"03/01/2024, 22:24:09",43
"03/01/2024, 22:24:11",43
"03/01/2024, 22:24:13",43
"03/01/2024, 22:24:15",43
"03/01/2024, 22:24:17",43
"03/01/2024, 22:24:18",43
"03/01/2024, 22:24:21",43
"03/01/2024, 22:24:23",43
"03/01/2024, 22:24:25",43
"03/01/2024, 22:24:27",43
"03/01/2024, 22:24:29",43
"03/01/2024, 22:24:31",43
"03/01/2024, 22:24:33",43
"03/01/2024, 22:24:35",43
"03/01/2024, 22:24:37",43
"03/01/2024, 22:24:39",43
"03/01/2024, 22:24:41",43
"03/01/2024, 22:24:43",43
"03/01/2024, 22:24:45",43
"03/01/2024, 22:24:47",43
"03/01/2024, 22:24:49",43
"03/01/2024, 22:24:51",43
"03/01/2024, 22:24:53",43
"03/01/2024, 22:24:55",43
"03/01/2024, 22:24:57",43
"03/01/2024, 22:24:59",43
"03/01/2024, 22:25:01",43
"03/01/2024, 22:25:03",43
"03/01/2024, 22:25:05",43
"03/01/2024, 22:25:07",43
"03/01/2024, 22:25:09",43
"03/01/2024, 22:25:11",43
"03/01/2024, 22:25:13",43
"03/01/2024, 22:25:15",43
"03/01/2024, 22:25:17",43
"03/01/2024, 22:25:19",43
"03/01/2024, 22:25:21",43
"03/01/2024, 22:25:23",43
"03/01/2024, 22:25:25",43
time,flowcount
time,flowcount
"03/01/2024, 22:25:29",1
"03/01/2024, 22:25:31",1
"03/01/2024, 22:25:33",1
"03/01/2024, 22:25:35",1
"03/01/2024, 22:25:37",1
"03/01/2024, 22:25:39",1
"03/01/2024, 22:25:41",1
"03/01/2024, 22:25:43",1
"03/01/2024, 22:25:45",1
"03/01/2024, 22:25:47",1
"03/01/2024, 22:25:49",1
"03/01/2024, 22:25:51",1
"03/01/2024, 22:25:53",1
"03/01/2024, 22:25:55",1
"03/01/2024, 22:25:57",1
"03/01/2024, 22:25:59",1
"03/01/2024, 22:26:01",1
"03/01/2024, 22:26:03",1
"03/01/2024, 22:26:05",1
"03/01/2024, 22:26:07",1
"03/01/2024, 22:26:09",1
"03/01/2024, 22:26:11",1
"03/01/2024, 22:26:13",1
"03/01/2024, 22:26:15",1
"03/01/2024, 22:26:17",1
"03/01/2024, 22:26:19",1
"03/01/2024, 22:26:21",1
"03/01/2024, 22:26:23",1
"03/01/2024, 22:26:25",1
"03/01/2024, 22:26:27",1
"03/01/2024, 22:26:29",1
"03/01/2024, 22:26:31",1
"03/01/2024, 22:26:33",1
"03/01/2024, 22:26:35",1
"03/01/2024, 22:26:37",1
"03/01/2024, 22:26:39",1
"03/01/2024, 22:26:41",1
"03/01/2024, 22:26:43",1
"03/01/2024, 22:26:45",1
"03/01/2024, 22:26:47",1
"03/01/2024, 22:26:49",1
"03/01/2024, 22:26:51",1
"03/01/2024, 22:26:53",1
"03/01/2024, 22:26:55",1
"03/01/2024, 22:26:57",1
"03/01/2024, 22:26:59",1
"03/01/2024, 22:27:01",1
"03/01/2024, 22:27:03",1
"03/01/2024, 22:27:05",1
"03/01/2024, 22:27:07",1
"03/01/2024, 22:27:09",1
"03/01/2024, 22:27:11",1
"03/01/2024, 22:27:13",1
"03/01/2024, 22:27:15",1
"03/01/2024, 22:27:17",1
"03/01/2024, 22:27:19",1
"03/01/2024, 22:27:21",1
"03/01/2024, 22:27:23",1
"03/01/2024, 22:27:25",1
"03/01/2024, 22:27:27",1
"03/01/2024, 22:27:29",1
"03/01/2024, 22:27:31",1
"03/01/2024, 22:27:33",1
"03/01/2024, 22:27:35",1
"03/01/2024, 22:27:37",1
"03/01/2024, 22:27:39",1
"03/01/2024, 22:27:41",1
"03/01/2024, 22:27:43",1
"03/01/2024, 22:27:45",1
"03/01/2024, 22:27:47",1
"03/01/2024, 22:27:49",1
"03/01/2024, 22:27:51",1
"03/01/2024, 22:27:53",1
"03/01/2024, 22:27:55",1
"03/01/2024, 22:27:57",1
"03/01/2024, 22:27:59",1
"03/01/2024, 22:28:01",1
"03/01/2024, 22:28:03",1
"03/01/2024, 22:28:05",1
"03/01/2024, 22:28:07",1
"03/01/2024, 22:28:09",1
"03/01/2024, 22:28:11",1
"03/01/2024, 22:28:13",1
"03/01/2024, 22:28:15",1
"03/01/2024, 22:28:17",1
"03/01/2024, 22:28:19",1
"03/01/2024, 22:28:21",1
"03/01/2024, 22:28:23",1
"03/01/2024, 22:28:25",1
"03/01/2024, 22:28:27",1
"03/01/2024, 22:28:29",1
"03/01/2024, 22:28:31",1
"03/01/2024, 22:28:33",1
"03/01/2024, 22:28:35",1
"03/01/2024, 22:28:37",1
"03/01/2024, 22:28:39",1
"03/01/2024, 22:28:41",1
"03/01/2024, 22:28:43",1
"03/01/2024, 22:28:45",1
"03/01/2024, 22:28:47",1
"03/01/2024, 22:28:49",1
"03/01/2024, 22:28:51",1
"03/01/2024, 22:28:53",1
"03/01/2024, 22:28:55",1
"03/01/2024, 22:28:57",1
"03/01/2024, 22:28:59",1
"03/01/2024, 22:29:01",1
"03/01/2024, 22:29:03",1
"03/01/2024, 22:29:05",1
"03/01/2024, 22:29:07",1
"03/01/2024, 22:29:09",1
"03/01/2024, 22:29:11",1
"03/01/2024, 22:29:13",1
"03/01/2024, 22:29:15",1
"03/01/2024, 22:29:17",1
"03/01/2024, 22:29:19",1
"03/01/2024, 22:29:21",1
"03/01/2024, 22:29:23",1
"03/01/2024, 22:29:25",1
"03/01/2024, 22:29:27",1
"03/01/2024, 22:29:29",1
"03/01/2024, 22:29:31",1
"03/01/2024, 22:29:33",1
"03/01/2024, 22:29:35",1
"03/01/2024, 22:29:37",1
"03/01/2024, 22:29:39",1
"03/01/2024, 22:29:41",1
"03/01/2024, 22:29:43",1
"03/01/2024, 22:29:45",1
"03/01/2024, 22:29:47",1
"03/01/2024, 22:29:49",1
"03/01/2024, 22:29:51",1
"03/01/2024, 22:29:53",1
"03/01/2024, 22:29:55",1
"03/01/2024, 22:29:57",1
"03/01/2024, 22:29:59",1
"03/01/2024, 22:30:01",1
"03/01/2024, 22:30:03",1
"03/01/2024, 22:30:05",1
"03/01/2024, 22:30:07",1
"03/01/2024, 22:30:09",1
"03/01/2024, 22:30:11",1
"03/01/2024, 22:30:13",1
"03/01/2024, 22:30:15",1
"03/01/2024, 22:30:17",1
"03/01/2024, 22:30:19",1
"03/01/2024, 22:30:21",1
"03/01/2024, 22:30:23",1
"03/01/2024, 22:30:25",1
"03/01/2024, 22:30:27",1
"03/01/2024, 22:30:29",1
"03/01/2024, 22:30:31",1
"03/01/2024, 22:30:33",1
"03/01/2024, 22:30:35",1
"03/01/2024, 22:30:37",1
"03/01/2024, 22:30:39",1
"03/01/2024, 22:30:41",1
"03/01/2024, 22:30:43",1
"03/01/2024, 22:30:45",1
"03/01/2024, 22:30:47",1
"03/01/2024, 22:30:49",1
"03/01/2024, 22:30:51",1
"03/01/2024, 22:30:53",1
"03/01/2024, 22:30:55",1
"03/01/2024, 22:30:57",1
"03/01/2024, 22:30:59",1
"03/01/2024, 22:31:01",1
"03/01/2024, 22:31:03",1
"03/01/2024, 22:31:05",1
"03/01/2024, 22:31:07",1
"03/01/2024, 22:31:09",1
"03/01/2024, 22:31:11",1
"03/01/2024, 22:31:13",1
"03/01/2024, 22:31:15",1
"03/01/2024, 22:31:17",1
"03/01/2024, 22:31:19",1
"03/01/2024, 22:31:21",1
"03/01/2024, 22:31:23",1
"03/01/2024, 22:31:25",1
"03/01/2024, 22:31:27",1
"03/01/2024, 22:31:29",1
"03/01/2024, 22:31:31",1
"03/01/2024, 22:31:33",1
"03/01/2024, 22:31:35",1
"03/01/2024, 22:31:37",1
"03/01/2024, 22:31:39",1
"03/01/2024, 22:31:41",1
"03/01/2024, 22:31:43",1
"03/01/2024, 22:31:45",1
"03/01/2024, 22:31:47",1
"03/01/2024, 22:31:49",1
"03/01/2024, 22:31:51",1
"03/01/2024, 22:31:53",1
"03/01/2024, 22:31:55",1
"03/01/2024, 22:31:57",1
"03/01/2024, 22:31:59",1
"03/01/2024, 22:32:01",1
"03/01/2024, 22:32:03",1
"03/01/2024, 22:32:05",1
"03/01/2024, 22:32:07",1
"03/01/2024, 22:32:09",1
"03/01/2024, 22:32:11",1
"03/01/2024, 22:32:13",1
"03/01/2024, 22:32:15",1
"03/01/2024, 22:32:17",1
"03/01/2024, 22:32:19",1
"03/01/2024, 22:32:21",1
"03/01/2024, 22:32:23",1
"03/01/2024, 22:32:25",1
"03/01/2024, 22:32:27",1
"03/01/2024, 22:32:29",1
"03/01/2024, 22:32:31",1
"03/01/2024, 22:32:33",1
"03/01/2024, 22:32:35",1
"03/01/2024, 22:32:37",1
"03/01/2024, 22:32:39",1
"03/01/2024, 22:32:41",1
"03/01/2024, 22:32:43",1
"03/01/2024, 22:32:45",1
"03/01/2024, 22:32:47",1
"03/01/2024, 22:32:49",1
"03/01/2024, 22:32:51",1
"03/01/2024, 22:32:53",1
"03/01/2024, 22:32:55",1
"03/01/2024, 22:32:57",1
"03/01/2024, 22:32:59",1
"03/01/2024, 22:33:01",1
"03/01/2024, 22:33:03",1
"03/01/2024, 22:33:05",1
"03/01/2024, 22:33:07",1
"03/01/2024, 22:33:09",1
"03/01/2024, 22:33:11",1
"03/01/2024, 22:33:13",1
"03/01/2024, 22:33:15",1
"03/01/2024, 22:33:17",1
"03/01/2024, 22:33:19",1
"03/01/2024, 22:33:21",1
"03/01/2024, 22:33:23",1
"03/01/2024, 22:33:25",1
"03/01/2024, 22:33:27",1
"03/01/2024, 22:33:29",1
"03/01/2024, 22:33:31",1
"03/01/2024, 22:33:33",1
"03/01/2024, 22:33:35",1
"03/01/2024, 22:33:37",1
"03/01/2024, 22:33:39",1
"03/01/2024, 22:33:41",1
"03/01/2024, 22:33:43",1
"03/01/2024, 22:33:45",1
"03/01/2024, 22:33:47",1
"03/01/2024, 22:33:49",1
"03/01/2024, 22:33:51",1
"03/01/2024, 22:33:53",1
"03/01/2024, 22:33:55",1
"03/01/2024, 22:33:57",1
"03/01/2024, 22:33:59",1
"03/01/2024, 22:34:01",1
"03/01/2024, 22:34:03",1
"03/01/2024, 22:34:05",1
"03/01/2024, 22:34:07",1
"03/01/2024, 22:34:09",1
"03/01/2024, 22:34:11",1
"03/01/2024, 22:34:13",1
"03/01/2024, 22:34:15",1
"03/01/2024, 22:34:17",1
"03/01/2024, 22:34:19",1
"03/01/2024, 22:34:21",1
"03/01/2024, 22:34:23",1
"03/01/2024, 22:34:25",1
"03/01/2024, 22:34:27",1
"03/01/2024, 22:34:29",1
"03/01/2024, 22:34:31",1
"03/01/2024, 22:34:33",1
"03/01/2024, 22:34:35",1
"03/01/2024, 22:34:37",1
"03/01/2024, 22:34:39",1
"03/01/2024, 22:34:41",1
"03/01/2024, 22:34:43",1
"03/01/2024, 22:34:45",1
"03/01/2024, 22:34:47",1
"03/01/2024, 22:34:49",1
"03/01/2024, 22:34:51",1
"03/01/2024, 22:34:53",1
"03/01/2024, 22:34:55",1
"03/01/2024, 22:34:57",1
"03/01/2024, 22:34:59",1
"03/01/2024, 22:35:01",1
"03/01/2024, 22:35:03",1
"03/01/2024, 22:35:05",1
"03/01/2024, 22:35:07",1
"03/01/2024, 22:35:09",1
"03/01/2024, 22:35:11",1
"03/01/2024, 22:35:13",1
"03/01/2024, 22:35:15",1
"03/01/2024, 22:35:17",1
"03/01/2024, 22:35:19",1
"03/01/2024, 22:35:21",1
"03/01/2024, 22:35:23",1
"03/01/2024, 22:35:25",1
"03/01/2024, 22:35:27",1
"03/01/2024, 22:35:29",1
"03/01/2024, 22:35:31",1
"03/01/2024, 22:35:33",1
"03/01/2024, 22:35:35",1
"03/01/2024, 22:35:37",1
"03/01/2024, 22:35:39",1
"03/01/2024, 22:35:41",1
"03/01/2024, 22:35:43",1
"03/01/2024, 22:35:45",1
"03/01/2024, 22:35:47",1
"03/01/2024, 22:35:49",1
"03/01/2024, 22:35:51",1
"03/01/2024, 22:35:53",1
"03/01/2024, 22:35:55",1
"03/01/2024, 22:35:57",1
"03/01/2024, 22:35:59",1
"03/01/2024, 22:36:01",1
"03/01/2024, 22:36:03",1
"03/01/2024, 22:36:05",1
"03/01/2024, 22:36:07",1
"03/01/2024, 22:36:09",1
"03/01/2024, 22:36:11",1
"03/01/2024, 22:36:13",1
"03/01/2024, 22:36:15",1
"03/01/2024, 22:36:17",1
"03/01/2024, 22:36:19",1
"03/01/2024, 22:36:21",1
"03/01/2024, 22:36:23",1
"03/01/2024, 22:36:25",1
"03/01/2024, 22:36:27",1
"03/01/2024, 22:36:29",1
"03/01/2024, 22:36:31",1
"03/01/2024, 22:36:33",1
"03/01/2024, 22:36:35",1
"03/01/2024, 22:36:37",1
"03/01/2024, 22:36:39",1
"03/01/2024, 22:36:41",1
"03/01/2024, 22:36:43",1
"03/01/2024, 22:36:45",1
"03/01/2024, 22:36:47",1
"03/01/2024, 22:36:49",1
"03/01/2024, 22:36:51",1
"03/01/2024, 22:36:53",1
"03/01/2024, 22:36:55",1
"03/01/2024, 22:36:57",1
"03/01/2024, 22:36:59",1
"03/01/2024, 22:37:01",1
"03/01/2024, 22:37:03",1
"03/01/2024, 22:37:05",1
"03/01/2024, 22:37:07",1
"03/01/2024, 22:37:09",1
"03/01/2024, 22:37:11",1
"03/01/2024, 22:37:13",1
"03/01/2024, 22:37:15",1
"03/01/2024, 22:37:17",1
"03/01/2024, 22:37:19",1
"03/01/2024, 22:37:21",1
"03/01/2024, 22:37:23",1
"03/01/2024, 22:37:25",1
"03/01/2024, 22:37:27",1
"03/01/2024, 22:37:29",1
"03/01/2024, 22:37:31",1
"03/01/2024, 22:37:33",1
"03/01/2024, 22:37:35",1
"03/01/2024, 22:37:37",1
"03/01/2024, 22:37:39",1
"03/01/2024, 22:37:41",1
"03/01/2024, 22:37:43",1
"03/01/2024, 22:37:45",1
"03/01/2024, 22:37:47",1
"03/01/2024, 22:37:49",1
"03/01/2024, 22:37:51",1
"03/01/2024, 22:37:53",1
"03/01/2024, 22:37:55",1
"03/01/2024, 22:37:57",1
"03/01/2024, 22:37:59",1
"03/01/2024, 22:38:01",1
"03/01/2024, 22:38:03",1
"03/01/2024, 22:38:05",1
"03/01/2024, 22:38:07",1
"03/01/2024, 22:38:09",1
"03/01/2024, 22:38:11",1
"03/01/2024, 22:38:13",1
"03/01/2024, 22:38:15",1
"03/01/2024, 22:38:17",1
"03/01/2024, 22:38:19",1
"03/01/2024, 22:38:21",1
"03/01/2024, 22:38:23",1
"03/01/2024, 22:38:25",1
"03/01/2024, 22:38:27",1
"03/01/2024, 22:38:29",1
"03/01/2024, 22:38:31",1
"03/01/2024, 22:38:33",1
"03/01/2024, 22:38:35",1
"03/01/2024, 22:38:37",1
"03/01/2024, 22:38:39",1
"03/01/2024, 22:38:41",1
"03/01/2024, 22:38:43",1
"03/01/2024, 22:38:45",1
"03/01/2024, 22:38:47",1
"03/01/2024, 22:38:49",1
"03/01/2024, 22:38:51",1
"03/01/2024, 22:38:53",1
"03/01/2024, 22:38:55",1
"03/01/2024, 22:38:57",1
"03/01/2024, 22:38:59",1
"03/01/2024, 22:39:01",1
"03/01/2024, 22:39:03",1
"03/01/2024, 22:39:05",1
"03/01/2024, 22:39:07",1
"03/01/2024, 22:39:09",1
"03/01/2024, 22:39:11",1
"03/01/2024, 22:39:13",1
"03/01/2024, 22:39:15",1
"03/01/2024, 22:39:17",1
"03/01/2024, 22:39:19",1
"03/01/2024, 22:39:21",1
"03/01/2024, 22:39:23",1
"03/01/2024, 22:39:25",1
"03/01/2024, 22:39:27",1
"03/01/2024, 22:39:29",1
"03/01/2024, 22:39:31",1
"03/01/2024, 22:39:33",1
"03/01/2024, 22:39:35",1
"03/01/2024, 22:39:37",1
"03/01/2024, 22:39:39",1
"03/01/2024, 22:39:41",1
"03/01/2024, 22:39:43",1
"03/01/2024, 22:39:45",1
"03/01/2024, 22:39:47",1
"03/01/2024, 22:39:49",1
"03/01/2024, 22:39:51",1
"03/01/2024, 22:39:53",1
"03/01/2024, 22:39:55",1
"03/01/2024, 22:39:57",1
"03/01/2024, 22:39:59",1
"03/01/2024, 22:40:01",1
"03/01/2024, 22:40:03",1
"03/01/2024, 22:40:05",1
"03/01/2024, 22:40:07",1
"03/01/2024, 22:40:09",1
"03/01/2024, 22:40:11",1
"03/01/2024, 22:40:13",1
"03/01/2024, 22:40:15",1
"03/01/2024, 22:40:17",1
"03/01/2024, 22:40:19",1
"03/01/2024, 22:40:21",1
"03/01/2024, 22:40:23",1
"03/01/2024, 22:40:25",1
"03/01/2024, 22:40:27",1
"03/01/2024, 22:40:30",1
"03/01/2024, 22:40:31",1
"03/01/2024, 22:40:33",1
"03/01/2024, 22:40:35",1
"03/01/2024, 22:40:37",1
"03/01/2024, 22:40:40",1
"03/01/2024, 22:40:42",1
"03/01/2024, 22:40:44",1
"03/01/2024, 22:40:46",1
"03/01/2024, 22:40:48",1
"03/01/2024, 22:40:50",1
"03/01/2024, 22:40:52",1
"03/01/2024, 22:40:54",1
"03/01/2024, 22:40:56",1
"03/01/2024, 22:40:58",1
"03/01/2024, 22:41:00",1
"03/01/2024, 22:41:02",1
"03/01/2024, 22:41:04",1
"03/01/2024, 22:41:06",1
"03/01/2024, 22:41:08",1
"03/01/2024, 22:41:10",1
"03/01/2024, 22:41:12",1
"03/01/2024, 22:41:14",1
"03/01/2024, 22:41:16",1
"03/01/2024, 22:41:18",1
"03/01/2024, 22:41:20",1
"03/01/2024, 22:41:22",1
"03/01/2024, 22:41:24",1
"03/01/2024, 22:41:26",1
"03/01/2024, 22:41:28",1
"03/01/2024, 22:41:30",1
"03/01/2024, 22:41:32",1
"03/01/2024, 22:41:34",1
"03/01/2024, 22:41:36",1
"03/01/2024, 22:41:38",1
"03/01/2024, 22:41:40",1
"03/01/2024, 22:41:42",1
"03/01/2024, 22:41:44",1
"03/01/2024, 22:41:46",1
"03/01/2024, 22:41:48",1
"03/01/2024, 22:41:50",1
"03/01/2024, 22:41:52",1
"03/01/2024, 22:41:54",1
"03/01/2024, 22:41:56",1
"03/01/2024, 22:41:58",1
"03/01/2024, 22:42:00",1
"03/01/2024, 22:42:02",1
"03/01/2024, 22:42:04",1
"03/01/2024, 22:42:06",1
"03/01/2024, 22:42:08",1
"03/01/2024, 22:42:10",1
"03/01/2024, 22:42:12",1
"03/01/2024, 22:42:14",1
"03/01/2024, 22:42:16",1
"03/01/2024, 22:42:18",1
"03/01/2024, 22:42:20",1
"03/01/2024, 22:42:22",1
"03/01/2024, 22:42:24",1
"03/01/2024, 22:42:26",1
"03/01/2024, 22:42:28",1
"03/01/2024, 22:42:30",1
"03/01/2024, 22:42:32",1
"03/01/2024, 22:42:34",1
"03/01/2024, 22:42:36",1
"03/01/2024, 22:42:38",1
"03/01/2024, 22:42:40",1
"03/01/2024, 22:42:42",1
"03/01/2024, 22:42:44",1
"03/01/2024, 22:42:46",1
"03/01/2024, 22:42:48",1
"03/01/2024, 22:42:50",1
"03/01/2024, 22:42:52",1
"03/01/2024, 22:42:54",1
"03/01/2024, 22:42:56",1
"03/01/2024, 22:42:58",1
"03/01/2024, 22:43:00",1
"03/01/2024, 22:43:02",1
"03/01/2024, 22:43:04",1
"03/01/2024, 22:43:06",1
"03/01/2024, 22:43:08",1
"03/01/2024, 22:43:10",1
"03/01/2024, 22:43:12",1
"03/01/2024, 22:43:14",1
"03/01/2024, 22:43:16",1
"03/01/2024, 22:43:18",1
"03/01/2024, 22:43:20",1
"03/01/2024, 22:43:22",1
"03/01/2024, 22:43:24",1
"03/01/2024, 22:43:26",1
"03/01/2024, 22:43:28",1
"03/01/2024, 22:43:30",1
"03/01/2024, 22:43:32",1
"03/01/2024, 22:43:34",1
"03/01/2024, 22:43:36",1
"03/01/2024, 22:43:38",1
"03/01/2024, 22:43:40",1
"03/01/2024, 22:43:42",1
"03/01/2024, 22:43:44",1
"03/01/2024, 22:43:46",1
"03/01/2024, 22:43:48",1
"03/01/2024, 22:43:50",1
"03/01/2024, 22:43:52",1
"03/01/2024, 22:43:54",1
"03/01/2024, 22:43:56",1
"03/01/2024, 22:43:58",1
"03/01/2024, 22:44:00",1
"03/01/2024, 22:44:02",1
"03/01/2024, 22:44:04",1
"03/01/2024, 22:44:06",1
"03/01/2024, 22:44:08",1
"03/01/2024, 22:44:10",1
"03/01/2024, 22:44:12",1
"03/01/2024, 22:44:14",1
"03/01/2024, 22:44:16",1
"03/01/2024, 22:44:18",1
"03/01/2024, 22:44:20",1
"03/01/2024, 22:44:22",1
"03/01/2024, 22:44:24",1
"03/01/2024, 22:44:26",1
"03/01/2024, 22:44:28",1
"03/01/2024, 22:44:30",1
"03/01/2024, 22:44:32",1
"03/01/2024, 22:44:34",1
"03/01/2024, 22:44:36",1
"03/01/2024, 22:44:38",1
"03/01/2024, 22:44:40",1
"03/01/2024, 22:44:42",1
"03/01/2024, 22:44:44",1
"03/01/2024, 22:44:46",1
"03/01/2024, 22:44:48",1
"03/01/2024, 22:44:50",1
"03/01/2024, 22:44:52",1
"03/01/2024, 22:44:54",1
"03/01/2024, 22:44:56",1
"03/01/2024, 22:44:58",1
"03/01/2024, 22:45:00",1
"03/01/2024, 22:45:02",1
"03/01/2024, 22:45:04",1
"03/01/2024, 22:45:06",1
"03/01/2024, 22:45:08",1
"03/01/2024, 22:45:10",1
"03/01/2024, 22:45:12",1
"03/01/2024, 22:45:14",1
"03/01/2024, 22:45:16",1
"03/01/2024, 22:45:18",1
"03/01/2024, 22:45:20",1
"03/01/2024, 22:45:22",1
"03/01/2024, 22:45:24",1
"03/01/2024, 22:45:26",1
"03/01/2024, 22:45:28",1
"03/01/2024, 22:45:30",1
"03/01/2024, 22:45:32",1
"03/01/2024, 22:45:34",1
"03/01/2024, 22:45:36",1
"03/01/2024, 22:45:38",1
"03/01/2024, 22:45:40",1
"03/01/2024, 22:45:42",1
"03/01/2024, 22:45:44",1
"03/01/2024, 22:45:46",1
"03/01/2024, 22:45:48",1
"03/01/2024, 22:45:50",1
"03/01/2024, 22:45:52",1
"03/01/2024, 22:45:54",1
"03/01/2024, 22:45:56",1
"03/01/2024, 22:45:58",1
"03/01/2024, 22:46:00",1
"03/01/2024, 22:46:02",1
"03/01/2024, 22:46:04",1
"03/01/2024, 22:46:06",1
"03/01/2024, 22:46:08",1
"03/01/2024, 22:46:10",1
"03/01/2024, 22:46:12",1
"03/01/2024, 22:46:14",1
"03/01/2024, 22:46:16",1
"03/01/2024, 22:46:18",1
"03/01/2024, 22:46:20",1
"03/01/2024, 22:46:22",1
"03/01/2024, 22:46:24",1
"03/01/2024, 22:46:26",1
"03/01/2024, 22:46:28",1
"03/01/2024, 22:46:30",1
"03/01/2024, 22:46:32",1
"03/01/2024, 22:46:34",1
"03/01/2024, 22:46:36",1
"03/01/2024, 22:46:38",1
"03/01/2024, 22:46:40",1
"03/01/2024, 22:46:42",1
"03/01/2024, 22:46:44",1
"03/01/2024, 22:46:46",1
"03/01/2024, 22:46:48",1
"03/01/2024, 22:46:50",1
"03/01/2024, 22:46:52",1
"03/01/2024, 22:46:54",1
"03/01/2024, 22:46:56",1
"03/01/2024, 22:46:58",1
"03/01/2024, 22:47:00",1
"03/01/2024, 22:47:02",1
"03/01/2024, 22:47:04",1
"03/01/2024, 22:47:06",1
"03/01/2024, 22:47:08",1
"03/01/2024, 22:47:10",1
"03/01/2024, 22:47:12",1
"03/01/2024, 22:47:14",1
"03/01/2024, 22:47:16",1
"03/01/2024, 22:47:18",1
"03/01/2024, 22:47:20",1
"03/01/2024, 22:47:22",1
"03/01/2024, 22:47:24",1
"03/01/2024, 22:47:26",1
"03/01/2024, 22:47:28",1
"03/01/2024, 22:47:30",1
"03/01/2024, 22:47:32",1
"03/01/2024, 22:47:34",1
"03/01/2024, 22:47:36",1
"03/01/2024, 22:47:38",1
"03/01/2024, 22:47:40",1
"03/01/2024, 22:47:42",1
"03/01/2024, 22:47:44",1
"03/01/2024, 22:47:46",1
"03/01/2024, 22:47:48",1
"03/01/2024, 22:47:50",1
"03/01/2024, 22:47:52",1
"03/01/2024, 22:47:54",1
"03/01/2024, 22:47:56",1
"03/01/2024, 22:47:58",1
"03/01/2024, 22:48:00",1
"03/01/2024, 22:48:02",1
"03/01/2024, 22:48:04",1
"03/01/2024, 22:48:06",1
"03/01/2024, 22:48:08",1
"03/01/2024, 22:48:10",1
"03/01/2024, 22:48:12",1
"03/01/2024, 22:48:14",1
"03/01/2024, 22:48:16",1
"03/01/2024, 22:48:18",1
"03/01/2024, 22:48:20",1
"03/01/2024, 22:48:22",1
"03/01/2024, 22:48:24",1
"03/01/2024, 22:48:26",1
"03/01/2024, 22:48:28",1
"03/01/2024, 22:48:30",1
"03/01/2024, 22:48:32",1
"03/01/2024, 22:48:34",1
"03/01/2024, 22:48:36",1
"03/01/2024, 22:48:38",1
"03/01/2024, 22:48:40",1
"03/01/2024, 22:48:42",1
"03/01/2024, 22:48:44",1
"03/01/2024, 22:48:46",1
"03/01/2024, 22:48:48",1
"03/01/2024, 22:48:50",1
"03/01/2024, 22:48:52",1
"03/01/2024, 22:48:54",1
"03/01/2024, 22:48:56",1
"03/01/2024, 22:48:58",1
"03/01/2024, 22:49:00",1
"03/01/2024, 22:49:02",1
"03/01/2024, 22:49:04",1
"03/01/2024, 22:49:06",1
"03/01/2024, 22:49:08",1
"03/01/2024, 22:49:10",1
"03/01/2024, 22:49:12",1
"03/01/2024, 22:49:14",1
"03/01/2024, 22:49:16",1
"03/01/2024, 22:49:18",1
"03/01/2024, 22:49:20",1
"03/01/2024, 22:49:22",1
"03/01/2024, 22:49:24",1
"03/01/2024, 22:49:26",1
"03/01/2024, 22:49:28",1
"03/01/2024, 22:49:30",1
"03/01/2024, 22:49:32",1
"03/01/2024, 22:49:34",1
"03/01/2024, 22:49:36",1
"03/01/2024, 22:49:38",1
"03/01/2024, 22:49:40",1
"03/01/2024, 22:49:42",1
"03/01/2024, 22:49:44",1
"03/01/2024, 22:49:46",1
"03/01/2024, 22:49:48",1
"03/01/2024, 22:49:50",1
"03/01/2024, 22:49:52",1
"03/01/2024, 22:49:54",1
"03/01/2024, 22:49:56",1
"03/01/2024, 22:49:58",1
"03/01/2024, 22:50:00",1
"03/01/2024, 22:50:02",1
"03/01/2024, 22:50:04",1
"03/01/2024, 22:50:06",1
"03/01/2024, 22:50:08",1
"03/01/2024, 22:50:10",1
"03/01/2024, 22:50:12",1
"03/01/2024, 22:50:14",1
"03/01/2024, 22:50:16",1
"03/01/2024, 22:50:18",1
"03/01/2024, 22:50:20",1
"03/01/2024, 22:50:22",1
"03/01/2024, 22:50:24",1
"03/01/2024, 22:50:26",1
"03/01/2024, 22:50:28",1
"03/01/2024, 22:50:30",1
"03/01/2024, 22:50:32",1
"03/01/2024, 22:50:34",1
"03/01/2024, 22:50:36",1
"03/01/2024, 22:50:38",1
"03/01/2024, 22:50:40",1
"03/01/2024, 22:50:42",1
"03/01/2024, 22:50:44",1
"03/01/2024, 22:50:46",1
"03/01/2024, 22:50:48",1
"03/01/2024, 22:50:50",1
"03/01/2024, 22:50:52",1
"03/01/2024, 22:50:54",1
"03/01/2024, 22:50:56",1
"03/01/2024, 22:50:58",1
"03/01/2024, 22:51:00",1
"03/01/2024, 22:51:02",1
"03/01/2024, 22:51:04",1
"03/01/2024, 22:51:06",1
"03/01/2024, 22:51:08",1
"03/01/2024, 22:51:10",1
"03/01/2024, 22:51:12",1
"03/01/2024, 22:51:14",1
"03/01/2024, 22:51:16",1
"03/01/2024, 22:51:18",1
"03/01/2024, 22:51:20",1
"03/01/2024, 22:51:22",1
"03/01/2024, 22:51:24",1
"03/01/2024, 22:51:26",1
"03/01/2024, 22:51:28",1
"03/01/2024, 22:51:30",1
"03/01/2024, 22:51:32",1
"03/01/2024, 22:51:34",1
"03/01/2024, 22:51:36",1
"03/01/2024, 22:51:38",1
"03/01/2024, 22:51:40",1
"03/01/2024, 22:51:42",1
"03/01/2024, 22:51:44",1
"03/01/2024, 22:51:46",1
"03/01/2024, 22:51:48",1
"03/01/2024, 22:51:50",1
"03/01/2024, 22:51:52",1
"03/01/2024, 22:51:54",1
"03/01/2024, 22:51:56",1
"03/01/2024, 22:51:58",1
"03/01/2024, 22:52:00",1
"03/01/2024, 22:52:02",1
"03/01/2024, 22:52:04",1
"03/01/2024, 22:52:06",1
"03/01/2024, 22:52:08",1
"03/01/2024, 22:52:10",1
"03/01/2024, 22:52:12",1
"03/01/2024, 22:52:14",1
"03/01/2024, 22:52:16",1
"03/01/2024, 22:52:18",1
"03/01/2024, 22:52:20",1
"03/01/2024, 22:52:22",1
"03/01/2024, 22:52:24",1
"03/01/2024, 22:52:26",1
"03/01/2024, 22:52:28",1
"03/01/2024, 22:52:30",1
"03/01/2024, 22:52:32",1
"03/01/2024, 22:52:34",1
"03/01/2024, 22:52:37",1
"03/01/2024, 22:52:39",1
"03/01/2024, 22:52:41",1
"03/01/2024, 22:52:43",1
"03/01/2024, 22:52:45",1
"03/01/2024, 22:52:47",1
"03/01/2024, 22:52:49",1
"03/01/2024, 22:52:51",1
"03/01/2024, 22:52:53",1
"03/01/2024, 22:52:55",1
"03/01/2024, 22:52:57",1
"03/01/2024, 22:52:59",1
"03/01/2024, 22:53:01",1
"03/01/2024, 22:53:03",1
"03/01/2024, 22:53:05",1
"03/01/2024, 22:53:07",1
"03/01/2024, 22:53:09",1
"03/01/2024, 22:53:11",1
"03/01/2024, 22:53:13",1
"03/01/2024, 22:53:15",1
"03/01/2024, 22:53:17",1
"03/01/2024, 22:53:19",1
"03/01/2024, 22:53:21",1
"03/01/2024, 22:53:23",1
"03/01/2024, 22:53:25",1
"03/01/2024, 22:53:27",1
"03/01/2024, 22:53:29",1
"03/01/2024, 22:53:31",1
"03/01/2024, 22:53:33",1
"03/01/2024, 22:53:35",1
"03/01/2024, 22:53:37",1
"03/01/2024, 22:53:39",1
"03/01/2024, 22:53:41",1
"03/01/2024, 22:53:43",1
"03/01/2024, 22:53:45",1
"03/01/2024, 22:53:47",1
"03/01/2024, 22:53:49",1
"03/01/2024, 22:53:51",1
"03/01/2024, 22:53:53",1
"03/01/2024, 22:53:55",1
"03/01/2024, 22:53:57",1
"03/01/2024, 22:53:59",1
"03/01/2024, 22:54:01",1
"03/01/2024, 22:54:03",1
"03/01/2024, 22:54:05",1
"03/01/2024, 22:54:07",1
"03/01/2024, 22:54:09",1
"03/01/2024, 22:54:11",1
"03/01/2024, 22:54:13",1
"03/01/2024, 22:54:15",1
"03/01/2024, 22:54:17",1
"03/01/2024, 22:54:19",1
"03/01/2024, 22:54:21",1
"03/01/2024, 22:54:23",1
"03/01/2024, 22:54:25",1
"03/01/2024, 22:54:27",1
"03/01/2024, 22:54:29",1
"03/01/2024, 22:54:31",1
"03/01/2024, 22:54:33",1
"03/01/2024, 22:54:35",1
"03/01/2024, 22:54:37",1
"03/01/2024, 22:54:39",1
"03/01/2024, 22:54:41",1
"03/01/2024, 22:54:43",1
"03/01/2024, 22:54:45",1
"03/01/2024, 22:54:47",1
"03/01/2024, 22:54:49",1
"03/01/2024, 22:54:51",1
"03/01/2024, 22:54:53",1
"03/01/2024, 22:54:55",1
"03/01/2024, 22:54:57",1
"03/01/2024, 22:54:59",1
"03/01/2024, 22:55:01",1
"03/01/2024, 22:55:03",1
"03/01/2024, 22:55:05",1
"03/01/2024, 22:55:07",1
"03/01/2024, 22:55:09",1
"03/01/2024, 22:55:11",1
"03/01/2024, 22:55:13",1
"03/01/2024, 22:55:15",1
"03/01/2024, 22:55:17",1
"03/01/2024, 22:55:19",1
"03/01/2024, 22:55:21",1
"03/01/2024, 22:55:23",1
"03/01/2024, 22:55:25",1
"03/01/2024, 22:55:27",1
"03/01/2024, 22:55:29",1
"03/01/2024, 22:55:31",1
"03/01/2024, 22:55:33",1
"03/01/2024, 22:55:35",1
"03/01/2024, 22:55:37",1
"03/01/2024, 22:55:39",1
"03/01/2024, 22:55:41",1
"03/01/2024, 22:55:43",1
"03/01/2024, 22:55:45",1
"03/01/2024, 22:55:47",1
"03/01/2024, 22:55:49",1
"03/01/2024, 22:55:51",1
"03/01/2024, 22:55:53",1
"03/01/2024, 22:55:55",1
"03/01/2024, 22:55:57",1
"03/01/2024, 22:55:59",1
"03/01/2024, 22:56:01",1
"03/01/2024, 22:56:03",1
"03/01/2024, 22:56:05",1
"03/01/2024, 22:56:07",1
"03/01/2024, 22:56:09",1
"03/01/2024, 22:56:11",1
"03/01/2024, 22:56:13",1
"03/01/2024, 22:56:15",1
"03/01/2024, 22:56:17",1
"03/01/2024, 22:56:19",1
"03/01/2024, 22:56:21",1
"03/01/2024, 22:56:23",1
"03/01/2024, 22:56:25",1
"03/01/2024, 22:56:27",1
"03/01/2024, 22:56:29",1
"03/01/2024, 22:56:31",1
"03/01/2024, 22:56:33",1
"03/01/2024, 22:56:35",1
"03/01/2024, 22:56:37",1
"03/01/2024, 22:56:39",1
"03/01/2024, 22:56:41",1
"03/01/2024, 22:56:43",1
"03/01/2024, 22:56:45",1
"03/01/2024, 22:56:47",1
"03/01/2024, 22:56:49",1
"03/01/2024, 22:56:51",1
"03/01/2024, 22:56:53",1
"03/01/2024, 22:56:55",1
"03/01/2024, 22:56:57",1
"03/01/2024, 22:56:59",1
"03/01/2024, 22:57:01",1
"03/01/2024, 22:57:03",1
"03/01/2024, 22:57:05",1
"03/01/2024, 22:57:07",1
"03/01/2024, 22:57:09",1
"03/01/2024, 22:57:11",1
"03/01/2024, 22:57:13",1
"03/01/2024, 22:57:15",1
"03/01/2024, 22:57:17",1
"03/01/2024, 22:57:19",1
"03/01/2024, 22:57:21",1
"03/01/2024, 22:57:23",1
"03/01/2024, 22:57:25",1
"03/01/2024, 22:57:27",1
"03/01/2024, 22:57:29",1
"03/01/2024, 22:57:31",1
"03/01/2024, 22:57:33",1
"03/01/2024, 22:57:35",1
"03/01/2024, 22:57:37",1
"03/01/2024, 22:57:39",1
"03/01/2024, 22:57:41",1
"03/01/2024, 22:57:43",1
"03/01/2024, 22:57:45",1
"03/01/2024, 22:57:47",1
"03/01/2024, 22:57:49",1
"03/01/2024, 22:57:51",1
"03/01/2024, 22:57:53",1
"03/01/2024, 22:57:55",1
"03/01/2024, 22:57:57",1
"03/01/2024, 22:57:59",1
"03/01/2024, 22:58:01",1
"03/01/2024, 22:58:03",1
"03/01/2024, 22:58:05",1
"03/01/2024, 22:58:07",1
"03/01/2024, 22:58:09",1
"03/01/2024, 22:58:11",1
"03/01/2024, 22:58:13",1
"03/01/2024, 22:58:15",1
"03/01/2024, 22:58:17",1
"03/01/2024, 22:58:19",1
"03/01/2024, 22:58:21",1
"03/01/2024, 22:58:23",1
"03/01/2024, 22:58:25",1
"03/01/2024, 22:58:27",1
"03/01/2024, 22:58:29",1
"03/01/2024, 22:58:31",1
"03/01/2024, 22:58:33",1
"03/01/2024, 22:58:35",1
"03/01/2024, 22:58:37",1
"03/01/2024, 22:58:39",1
"03/01/2024, 22:58:41",1
"03/01/2024, 22:58:43",1
"03/01/2024, 22:58:45",1
"03/01/2024, 22:58:47",1
"03/01/2024, 22:58:49",1
"03/01/2024, 22:58:51",1
"03/01/2024, 22:58:53",1
"03/01/2024, 22:58:55",1
"03/01/2024, 22:58:57",1
"03/01/2024, 22:58:59",1
"03/01/2024, 22:59:01",1
"03/01/2024, 22:59:03",1
"03/01/2024, 22:59:05",1
"03/01/2024, 22:59:07",1
"03/01/2024, 22:59:09",1
"03/01/2024, 22:59:11",1
"03/01/2024, 22:59:13",1
"03/01/2024, 22:59:15",1
"03/01/2024, 22:59:17",1
"03/01/2024, 22:59:19",1
"03/01/2024, 22:59:21",1
"03/01/2024, 22:59:23",1
"03/01/2024, 22:59:25",1
"03/01/2024, 22:59:27",1
"03/01/2024, 22:59:29",1
"03/01/2024, 22:59:31",1
"03/01/2024, 22:59:33",1
"03/01/2024, 22:59:35",1
"03/01/2024, 22:59:37",1
"03/01/2024, 22:59:39",1
"03/01/2024, 22:59:41",1
"03/01/2024, 22:59:44",1
"03/01/2024, 22:59:45",1
"03/01/2024, 22:59:47",1
"03/01/2024, 22:59:49",1
"03/01/2024, 22:59:51",1
"03/01/2024, 22:59:54",1
"03/01/2024, 22:59:55",1
"03/01/2024, 22:59:57",1
"03/01/2024, 22:59:59",1
"03/01/2024, 23:00:01",1
"03/01/2024, 23:00:03",1
"03/01/2024, 23:00:05",1
"03/01/2024, 23:00:07",1
"03/01/2024, 23:00:10",1
"03/01/2024, 23:00:12",1
"03/01/2024, 23:00:14",1
"03/01/2024, 23:00:16",1
"03/01/2024, 23:00:18",1
"03/01/2024, 23:00:20",1
"03/01/2024, 23:00:21",1
"03/01/2024, 23:00:24",1
"03/01/2024, 23:00:26",1
"03/01/2024, 23:00:28",1
"03/01/2024, 23:00:30",1
"03/01/2024, 23:00:32",1
"03/01/2024, 23:00:34",1
"03/01/2024, 23:00:36",1
"03/01/2024, 23:00:37",1
"03/01/2024, 23:00:40",1
"03/01/2024, 23:00:42",1
"03/01/2024, 23:00:44",1
"03/01/2024, 23:00:46",1
"03/01/2024, 23:00:48",1
"03/01/2024, 23:00:50",1
"03/01/2024, 23:00:52",1
"03/01/2024, 23:00:54",1
"03/01/2024, 23:00:56",1
"03/01/2024, 23:00:58",1
"03/01/2024, 23:01:00",1
"03/01/2024, 23:01:02",1
"03/01/2024, 23:01:04",1
"03/01/2024, 23:01:06",1
"03/01/2024, 23:01:08",1
"03/01/2024, 23:01:10",1
"03/01/2024, 23:01:12",1
"03/01/2024, 23:01:14",1
"03/01/2024, 23:01:16",1
"03/01/2024, 23:01:18",1
"03/01/2024, 23:01:20",1
"03/01/2024, 23:01:22",1
"03/01/2024, 23:01:24",1
"03/01/2024, 23:01:26",1
"03/01/2024, 23:01:28",1
"03/01/2024, 23:01:30",1
"03/01/2024, 23:01:32",1
"03/01/2024, 23:01:34",1
"03/01/2024, 23:01:36",1
"03/01/2024, 23:01:38",1
"03/01/2024, 23:01:40",1
"03/01/2024, 23:01:42",1
"03/01/2024, 23:01:44",1
"03/01/2024, 23:01:46",1
"03/01/2024, 23:01:48",1
"03/01/2024, 23:01:50",1
"03/01/2024, 23:01:52",1
"03/01/2024, 23:01:54",1
"03/01/2024, 23:01:56",1
"03/01/2024, 23:01:58",1
"03/01/2024, 23:02:00",1
"03/01/2024, 23:02:02",1
"03/01/2024, 23:02:04",1
"03/01/2024, 23:02:06",1
"03/01/2024, 23:02:08",1
"03/01/2024, 23:02:10",1
"03/01/2024, 23:02:12",1
"03/01/2024, 23:02:14",1
"03/01/2024, 23:02:16",1
"03/01/2024, 23:02:18",1
"03/01/2024, 23:02:20",1
"03/01/2024, 23:02:22",1
"03/01/2024, 23:02:24",1
"03/01/2024, 23:02:26",1
"03/01/2024, 23:02:28",1
"03/01/2024, 23:02:30",1
"03/01/2024, 23:02:32",1
"03/01/2024, 23:02:34",1
"03/01/2024, 23:02:36",1
"03/01/2024, 23:02:38",1
"03/01/2024, 23:02:40",1
"03/01/2024, 23:02:42",1
"03/01/2024, 23:02:44",1
"03/01/2024, 23:02:46",1
"03/01/2024, 23:02:48",1
"03/01/2024, 23:02:50",1
"03/01/2024, 23:02:52",1
"03/01/2024, 23:02:54",1
"03/01/2024, 23:02:56",1
"03/01/2024, 23:02:58",1
"03/01/2024, 23:03:00",1
"03/01/2024, 23:03:02",1
"03/01/2024, 23:03:04",1
"03/01/2024, 23:03:06",1
"03/01/2024, 23:03:08",1
"03/01/2024, 23:03:10",1
"03/01/2024, 23:03:12",1
"03/01/2024, 23:03:14",1
"03/01/2024, 23:03:16",1
"03/01/2024, 23:03:18",1
"03/01/2024, 23:03:20",1
"03/01/2024, 23:03:22",1
"03/01/2024, 23:03:24",1
"03/01/2024, 23:03:26",1
"03/01/2024, 23:03:28",1
"03/01/2024, 23:03:30",1
"03/01/2024, 23:03:32",1
"03/01/2024, 23:03:34",1
"03/01/2024, 23:03:36",1
"03/01/2024, 23:03:38",1
"03/01/2024, 23:03:40",1
"03/01/2024, 23:03:42",1
"03/01/2024, 23:03:44",1
"03/01/2024, 23:03:46",1
"03/01/2024, 23:03:48",1
"03/01/2024, 23:03:50",1
"03/01/2024, 23:03:52",1
"03/01/2024, 23:03:54",1
"03/01/2024, 23:03:56",1
"03/01/2024, 23:03:58",1
"03/01/2024, 23:04:00",1
"03/01/2024, 23:04:02",1
"03/01/2024, 23:04:04",1
"03/01/2024, 23:04:06",1
"03/01/2024, 23:04:08",1
"03/01/2024, 23:04:10",1
"03/01/2024, 23:04:12",1
"03/01/2024, 23:04:14",1
"03/01/2024, 23:04:16",1
"03/01/2024, 23:04:18",1
"03/01/2024, 23:04:20",1
"03/01/2024, 23:04:22",1
"03/01/2024, 23:04:24",1
"03/01/2024, 23:04:26",1
"03/01/2024, 23:04:28",1
"03/01/2024, 23:04:30",1
"03/01/2024, 23:04:32",1
"03/01/2024, 23:04:34",1
"03/01/2024, 23:04:36",1
"03/01/2024, 23:04:38",1
"03/01/2024, 23:04:40",1
"03/01/2024, 23:04:42",1
"03/01/2024, 23:04:44",1
"03/01/2024, 23:04:46",1
"03/01/2024, 23:04:48",1
"03/01/2024, 23:04:50",1
"03/01/2024, 23:04:52",1
"03/01/2024, 23:04:54",1
"03/01/2024, 23:04:56",1
"03/01/2024, 23:04:58",1
"03/01/2024, 23:05:00",1
"03/01/2024, 23:05:02",1
"03/01/2024, 23:05:04",1
"03/01/2024, 23:05:06",1
"03/01/2024, 23:05:08",1
"03/01/2024, 23:05:10",1
"03/01/2024, 23:05:12",1
"03/01/2024, 23:05:14",1
"03/01/2024, 23:05:16",1
"03/01/2024, 23:05:18",1
"03/01/2024, 23:05:20",1
"03/01/2024, 23:05:22",1
"03/01/2024, 23:05:24",1
"03/01/2024, 23:05:26",1
"03/01/2024, 23:05:28",1
"03/01/2024, 23:05:30",1
"03/01/2024, 23:05:32",1
"03/01/2024, 23:05:34",1
"03/01/2024, 23:05:36",1
"03/01/2024, 23:05:38",1
"03/01/2024, 23:05:40",1
"03/01/2024, 23:05:42",1
"03/01/2024, 23:05:44",1
"03/01/2024, 23:05:46",1
"03/01/2024, 23:05:48",1
"03/01/2024, 23:05:50",1
"03/01/2024, 23:05:52",1
"03/01/2024, 23:05:54",1
"03/01/2024, 23:05:56",1
"03/01/2024, 23:05:59",1
"03/01/2024, 23:06:00",1
"03/01/2024, 23:06:02",1
"03/01/2024, 23:06:05",1
"03/01/2024, 23:06:06",1
"03/01/2024, 23:06:08",1
"03/01/2024, 23:06:11",1
"03/01/2024, 23:06:12",1
"03/01/2024, 23:06:15",1
"03/01/2024, 23:06:16",1
"03/01/2024, 23:06:18",1
"03/01/2024, 23:06:21",1
"03/01/2024, 23:06:22",1
"03/01/2024, 23:06:25",1
"03/01/2024, 23:06:26",1
"03/01/2024, 23:06:29",1
"03/01/2024, 23:06:31",1
"03/01/2024, 23:06:33",1
"03/01/2024, 23:06:35",1
"03/01/2024, 23:06:37",1
"03/01/2024, 23:06:39",1
"03/01/2024, 23:06:41",1
"03/01/2024, 23:06:42",1
"03/01/2024, 23:06:45",1
"03/01/2024, 23:06:47",1
"03/01/2024, 23:06:49",1
"03/01/2024, 23:06:51",1
"03/01/2024, 23:06:53",1
"03/01/2024, 23:06:55",1
"03/01/2024, 23:06:57",1
"03/01/2024, 23:06:59",1
"03/01/2024, 23:07:01",1
"03/01/2024, 23:07:03",1
"03/01/2024, 23:07:05",1
"03/01/2024, 23:07:07",1
"03/01/2024, 23:07:09",1
"03/01/2024, 23:07:11",1
"03/01/2024, 23:07:13",1
"03/01/2024, 23:07:15",1
"03/01/2024, 23:07:17",1
"03/01/2024, 23:07:19",1
"03/01/2024, 23:07:21",1
"03/01/2024, 23:07:23",1
"03/01/2024, 23:07:25",1
"03/01/2024, 23:07:27",1
"03/01/2024, 23:07:29",1
"03/01/2024, 23:07:31",1
"03/01/2024, 23:07:33",1
"03/01/2024, 23:07:35",1
"03/01/2024, 23:07:37",1
"03/01/2024, 23:07:39",1
"03/01/2024, 23:07:41",1
"03/01/2024, 23:07:43",1
"03/01/2024, 23:07:45",1
"03/01/2024, 23:07:47",1
"03/01/2024, 23:07:49",1
"03/01/2024, 23:07:51",1
"03/01/2024, 23:07:53",1
"03/01/2024, 23:07:55",1
"03/01/2024, 23:07:57",1
"03/01/2024, 23:07:59",1
"03/01/2024, 23:08:01",1
"03/01/2024, 23:08:03",1
"03/01/2024, 23:08:05",1
"03/01/2024, 23:08:07",1
"03/01/2024, 23:08:09",1
"03/01/2024, 23:08:11",1
"03/01/2024, 23:08:13",1
"03/01/2024, 23:08:15",1
"03/01/2024, 23:08:17",1
"03/01/2024, 23:08:19",1
"03/01/2024, 23:08:21",1
"03/01/2024, 23:08:23",1
"03/01/2024, 23:08:25",1
"03/01/2024, 23:08:27",1
"03/01/2024, 23:08:29",1
"03/01/2024, 23:08:31",1
"03/01/2024, 23:08:33",1
"03/01/2024, 23:08:35",1
"03/01/2024, 23:08:37",1
"03/01/2024, 23:08:39",1
"03/01/2024, 23:08:41",1
"03/01/2024, 23:08:43",1
"03/01/2024, 23:08:45",1
"03/01/2024, 23:08:47",1
"03/01/2024, 23:08:49",1
"03/01/2024, 23:08:51",1
"03/01/2024, 23:08:53",1
"03/01/2024, 23:08:55",1
"03/01/2024, 23:08:57",1
"03/01/2024, 23:08:59",1
"03/01/2024, 23:09:01",1
"03/01/2024, 23:09:03",1
"03/01/2024, 23:09:05",1
"03/01/2024, 23:09:07",1
"03/01/2024, 23:09:09",1
"03/01/2024, 23:09:11",1
"03/01/2024, 23:09:13",1
"03/01/2024, 23:09:15",1
"03/01/2024, 23:09:17",1
"03/01/2024, 23:09:19",1
"03/01/2024, 23:09:21",1
"03/01/2024, 23:09:23",1
"03/01/2024, 23:09:25",1
"03/01/2024, 23:09:27",1
"03/01/2024, 23:09:29",1
"03/01/2024, 23:09:31",1
"03/01/2024, 23:09:33",1
"03/01/2024, 23:09:35",1
"03/01/2024, 23:09:37",1
"03/01/2024, 23:09:39",1
"03/01/2024, 23:09:41",1
"03/01/2024, 23:09:43",1
"03/01/2024, 23:09:45",1
"03/01/2024, 23:09:47",1
"03/01/2024, 23:09:49",1
"03/01/2024, 23:09:51",1
"03/01/2024, 23:09:53",1
"03/01/2024, 23:09:55",1
"03/01/2024, 23:09:57",1
"03/01/2024, 23:09:59",1
"03/01/2024, 23:10:01",1
"03/01/2024, 23:10:03",1
"03/01/2024, 23:10:05",1
"03/01/2024, 23:10:07",1
"03/01/2024, 23:10:09",1
"03/01/2024, 23:10:11",1
"03/01/2024, 23:10:13",1
"03/01/2024, 23:10:15",1
"03/01/2024, 23:10:17",1
"03/01/2024, 23:10:19",1
"03/01/2024, 23:10:21",1
"03/01/2024, 23:10:23",1
"03/01/2024, 23:10:25",1
"03/01/2024, 23:10:27",1
"03/01/2024, 23:10:29",1
"03/01/2024, 23:10:31",1
"03/01/2024, 23:10:33",1
"03/01/2024, 23:10:35",1
"03/01/2024, 23:10:37",1
"03/01/2024, 23:10:39",1
"03/01/2024, 23:10:41",1
"03/01/2024, 23:10:43",1
"03/01/2024, 23:10:45",1
"03/01/2024, 23:10:47",1
"03/01/2024, 23:10:49",1
"03/01/2024, 23:10:51",1
"03/01/2024, 23:10:53",1
"03/01/2024, 23:10:55",1
"03/01/2024, 23:10:57",1
"03/01/2024, 23:10:59",1
"03/01/2024, 23:11:01",1
"03/01/2024, 23:11:03",1
"03/01/2024, 23:11:05",1
"03/01/2024, 23:11:07",1
"03/01/2024, 23:11:09",1
"03/01/2024, 23:11:11",1
"03/01/2024, 23:11:13",1
"03/01/2024, 23:11:15",1
"03/01/2024, 23:11:17",1
"03/01/2024, 23:11:19",1
"03/01/2024, 23:11:21",1
"03/01/2024, 23:11:23",1
"03/01/2024, 23:11:25",1
"03/01/2024, 23:11:27",1
"03/01/2024, 23:11:29",1
"03/01/2024, 23:11:31",1
"03/01/2024, 23:11:33",1
"03/01/2024, 23:11:35",1
"03/01/2024, 23:11:37",1
"03/01/2024, 23:11:39",1
"03/01/2024, 23:11:41",1
"03/01/2024, 23:11:43",1
"03/01/2024, 23:11:45",1
"03/01/2024, 23:11:47",1
"03/01/2024, 23:11:49",1
"03/01/2024, 23:11:51",1
"03/01/2024, 23:11:53",1
"03/01/2024, 23:11:55",1
"03/01/2024, 23:11:57",1
"03/01/2024, 23:11:59",1
"03/01/2024, 23:12:01",1
"03/01/2024, 23:12:03",1
"03/01/2024, 23:12:05",1
"03/01/2024, 23:12:07",1
"03/01/2024, 23:12:09",1
"03/01/2024, 23:12:11",1
"03/01/2024, 23:12:13",1
"03/01/2024, 23:12:15",1
"03/01/2024, 23:12:17",1
"03/01/2024, 23:12:19",1
"03/01/2024, 23:12:21",1
"03/01/2024, 23:12:23",1
"03/01/2024, 23:12:25",1
"03/01/2024, 23:12:27",1
"03/01/2024, 23:12:29",1
"03/01/2024, 23:12:31",1
"03/01/2024, 23:12:33",1
"03/01/2024, 23:12:35",1
"03/01/2024, 23:12:37",1
"03/01/2024, 23:12:39",1
"03/01/2024, 23:12:41",1
"03/01/2024, 23:12:43",1
"03/01/2024, 23:12:45",1
"03/01/2024, 23:12:47",1
"03/01/2024, 23:12:49",1
"03/01/2024, 23:12:51",1
"03/01/2024, 23:12:53",1
"03/01/2024, 23:12:55",1
"03/01/2024, 23:12:57",1
"03/01/2024, 23:12:59",1
"03/01/2024, 23:13:01",1
"03/01/2024, 23:13:03",1
"03/01/2024, 23:13:05",1
"03/01/2024, 23:13:07",1
"03/01/2024, 23:13:09",1
"03/01/2024, 23:13:11",1
"03/01/2024, 23:13:13",1
"03/01/2024, 23:13:15",1
"03/01/2024, 23:13:17",1
"03/01/2024, 23:13:19",1
"03/01/2024, 23:13:21",1
"03/01/2024, 23:13:23",1
"03/01/2024, 23:13:25",1
"03/01/2024, 23:13:27",1
"03/01/2024, 23:13:29",1
"03/01/2024, 23:13:31",1
"03/01/2024, 23:13:33",1
"03/01/2024, 23:13:35",1
"03/01/2024, 23:13:37",1
"03/01/2024, 23:13:39",1
"03/01/2024, 23:13:41",1
"03/01/2024, 23:13:43",1
"03/01/2024, 23:13:45",1
"03/01/2024, 23:13:47",1
"03/01/2024, 23:13:49",1
"03/01/2024, 23:13:51",1
"03/01/2024, 23:13:53",1
"03/01/2024, 23:13:55",1
"03/01/2024, 23:13:57",1
"03/01/2024, 23:13:59",1
"03/01/2024, 23:14:01",1
"03/01/2024, 23:14:03",1
"03/01/2024, 23:14:05",1
"03/01/2024, 23:14:07",1
"03/01/2024, 23:14:09",1
"03/01/2024, 23:14:11",1
"03/01/2024, 23:14:13",1
"03/01/2024, 23:14:15",1
"03/01/2024, 23:14:17",1
"03/01/2024, 23:14:19",1
"03/01/2024, 23:14:21",1
"03/01/2024, 23:14:23",1
"03/01/2024, 23:14:25",1
"03/01/2024, 23:14:27",1
"03/01/2024, 23:14:29",1
"03/01/2024, 23:14:31",1
"03/01/2024, 23:14:33",1
"03/01/2024, 23:14:35",1
"03/01/2024, 23:14:37",1
"03/01/2024, 23:14:39",1
"03/01/2024, 23:14:41",1
"03/01/2024, 23:14:43",1
"03/01/2024, 23:14:45",1
"03/01/2024, 23:14:47",1
"03/01/2024, 23:14:49",1
"03/01/2024, 23:14:51",1
"03/01/2024, 23:14:53",1
"03/01/2024, 23:14:55",1
"03/01/2024, 23:14:57",1
"03/01/2024, 23:14:59",1
"03/01/2024, 23:15:01",1
"03/01/2024, 23:15:03",1
"03/01/2024, 23:15:05",1
"03/01/2024, 23:15:07",1
"03/01/2024, 23:15:09",1
"03/01/2024, 23:15:11",1
"03/01/2024, 23:15:13",1
"03/01/2024, 23:15:15",1
"03/01/2024, 23:15:17",1
"03/01/2024, 23:15:19",1
"03/01/2024, 23:15:21",1
"03/01/2024, 23:15:23",1
"03/01/2024, 23:15:25",1
"03/01/2024, 23:15:27",1
"03/01/2024, 23:15:29",1
"03/01/2024, 23:15:31",1
"03/01/2024, 23:15:33",1
"03/01/2024, 23:15:35",1
"03/01/2024, 23:15:37",1
"03/01/2024, 23:15:39",1
"03/01/2024, 23:15:41",1
"03/01/2024, 23:15:43",1
"03/01/2024, 23:15:45",1
"03/01/2024, 23:15:47",1
"03/01/2024, 23:15:49",1
"03/01/2024, 23:15:51",1
"03/01/2024, 23:15:53",1
"03/01/2024, 23:15:55",1
"03/01/2024, 23:15:57",1
"03/01/2024, 23:15:59",1
"03/01/2024, 23:16:01",1
"03/01/2024, 23:16:03",1
"03/01/2024, 23:16:05",1
"03/01/2024, 23:16:07",1
"03/01/2024, 23:16:09",1
"03/01/2024, 23:16:11",1
"03/01/2024, 23:16:13",1
"03/01/2024, 23:16:15",1
"03/01/2024, 23:16:17",1
"03/01/2024, 23:16:19",1
"03/01/2024, 23:16:21",1
"03/01/2024, 23:16:23",1
"03/01/2024, 23:16:25",1
"03/01/2024, 23:16:27",1
"03/01/2024, 23:16:29",1
"03/01/2024, 23:16:31",1
"03/01/2024, 23:16:33",1
"03/01/2024, 23:16:35",1
"03/01/2024, 23:16:37",1
"03/01/2024, 23:16:39",1
"03/01/2024, 23:16:41",1
"03/01/2024, 23:16:43",1
"03/01/2024, 23:16:45",1
"03/01/2024, 23:16:47",1
"03/01/2024, 23:16:49",1
"03/01/2024, 23:16:51",1
"03/01/2024, 23:16:53",1
"03/01/2024, 23:16:55",1
"03/01/2024, 23:16:57",1
"03/01/2024, 23:16:59",1
"03/01/2024, 23:17:01",1
"03/01/2024, 23:17:03",1
"03/01/2024, 23:17:05",1
"03/01/2024, 23:17:07",1
"03/01/2024, 23:17:09",1
"03/01/2024, 23:17:11",1
"03/01/2024, 23:17:13",1
"03/01/2024, 23:17:15",1
"03/01/2024, 23:17:17",1
"03/01/2024, 23:17:19",1
"03/01/2024, 23:17:21",1
"03/01/2024, 23:17:23",1
"03/01/2024, 23:17:25",1
"03/01/2024, 23:17:27",1
"03/01/2024, 23:17:29",1
"03/01/2024, 23:17:31",1
"03/01/2024, 23:17:33",1
"03/01/2024, 23:17:35",1
"03/01/2024, 23:17:37",1
"03/01/2024, 23:17:39",1
"03/01/2024, 23:17:41",1
"03/01/2024, 23:17:43",1
"03/01/2024, 23:17:45",1
"03/01/2024, 23:17:47",1
"03/01/2024, 23:17:49",1
"03/01/2024, 23:17:51",1
"03/01/2024, 23:17:53",1
"03/01/2024, 23:17:55",1
"03/01/2024, 23:17:57",1
"03/01/2024, 23:17:59",1
"03/01/2024, 23:18:01",1
"03/01/2024, 23:18:03",1
"03/01/2024, 23:18:05",1
"03/01/2024, 23:18:07",1
"03/01/2024, 23:18:09",1
"03/01/2024, 23:18:11",1
"03/01/2024, 23:18:13",1
"03/01/2024, 23:18:15",1
"03/01/2024, 23:18:17",1
"03/01/2024, 23:18:19",1
"03/01/2024, 23:18:21",1
"03/01/2024, 23:18:23",1
"03/01/2024, 23:18:25",1
"03/01/2024, 23:18:27",1
"03/01/2024, 23:18:29",1
"03/01/2024, 23:18:31",1
"03/01/2024, 23:18:33",1
"03/01/2024, 23:18:35",1
"03/01/2024, 23:18:37",1
"03/01/2024, 23:18:39",1
"03/01/2024, 23:18:41",1
"03/01/2024, 23:18:43",1
"03/01/2024, 23:18:45",1
"03/01/2024, 23:18:47",1
"03/01/2024, 23:18:49",1
"03/01/2024, 23:18:51",1
"03/01/2024, 23:18:53",1
"03/01/2024, 23:18:55",1
"03/01/2024, 23:18:57",1
"03/01/2024, 23:18:59",1
"03/01/2024, 23:19:01",1
"03/01/2024, 23:19:03",1
"03/01/2024, 23:19:05",1
"03/01/2024, 23:19:07",1
"03/01/2024, 23:19:09",1
"03/01/2024, 23:19:11",1
"03/01/2024, 23:19:13",1
"03/01/2024, 23:19:15",1
"03/01/2024, 23:19:17",1
"03/01/2024, 23:19:19",1
"03/01/2024, 23:19:21",1
"03/01/2024, 23:19:23",1
"03/01/2024, 23:19:25",1
"03/01/2024, 23:19:27",1
"03/01/2024, 23:19:29",1
"03/01/2024, 23:19:31",1
"03/01/2024, 23:19:33",1
"03/01/2024, 23:19:35",1
"03/01/2024, 23:19:37",1
"03/01/2024, 23:19:39",1
"03/01/2024, 23:19:41",1
"03/01/2024, 23:19:43",1
"03/01/2024, 23:19:45",1
"03/01/2024, 23:19:47",1
"03/01/2024, 23:19:49",1
"03/01/2024, 23:19:51",1
"03/01/2024, 23:19:53",1
"03/01/2024, 23:19:55",1
"03/01/2024, 23:19:57",1
"03/01/2024, 23:19:59",1
"03/01/2024, 23:20:01",1
"03/01/2024, 23:20:03",1
"03/01/2024, 23:20:05",1
"03/01/2024, 23:20:07",1
"03/01/2024, 23:20:09",1
"03/01/2024, 23:20:11",1
"03/01/2024, 23:20:13",1
"03/01/2024, 23:20:15",1
"03/01/2024, 23:20:17",1
"03/01/2024, 23:20:19",1
"03/01/2024, 23:20:21",1
"03/01/2024, 23:20:23",1
"03/01/2024, 23:20:25",1
"03/01/2024, 23:20:27",1
"03/01/2024, 23:20:29",1
"03/01/2024, 23:20:31",1
"03/01/2024, 23:20:33",1
"03/01/2024, 23:20:35",1
"03/01/2024, 23:20:37",1
"03/01/2024, 23:20:39",1
"03/01/2024, 23:20:41",1
"03/01/2024, 23:20:43",1
"03/01/2024, 23:20:45",1
"03/01/2024, 23:20:47",1
"03/01/2024, 23:20:50",1
"03/01/2024, 23:20:51",1
"03/01/2024, 23:20:53",1
"03/01/2024, 23:20:56",1
"03/01/2024, 23:20:57",1
"03/01/2024, 23:21:00",1
"03/01/2024, 23:21:01",1
"03/01/2024, 23:21:03",1
"03/01/2024, 23:21:06",1
"03/01/2024, 23:21:07",1
"03/01/2024, 23:21:09",1
"03/01/2024, 23:21:12",1
"03/01/2024, 23:21:13",1
"03/01/2024, 23:21:16",1
"03/01/2024, 23:21:17",1
"03/01/2024, 23:21:20",1
"03/01/2024, 23:21:22",1
"03/01/2024, 23:21:24",1
"03/01/2024, 23:21:26",1
"03/01/2024, 23:21:28",1
"03/01/2024, 23:21:30",1
"03/01/2024, 23:21:32",1
"03/01/2024, 23:21:34",1
"03/01/2024, 23:21:36",1
"03/01/2024, 23:21:38",1
"03/01/2024, 23:21:40",1
"03/01/2024, 23:21:42",1
"03/01/2024, 23:21:44",1
"03/01/2024, 23:21:46",1
"03/01/2024, 23:21:48",1
"03/01/2024, 23:21:50",1
"03/01/2024, 23:21:52",1
"03/01/2024, 23:21:54",1
"03/01/2024, 23:21:56",1
"03/01/2024, 23:21:58",1
"03/01/2024, 23:22:00",1
"03/01/2024, 23:22:02",1
"03/01/2024, 23:22:04",1
"03/01/2024, 23:22:06",1
"03/01/2024, 23:22:08",1
"03/01/2024, 23:22:10",1
"03/01/2024, 23:22:12",1
"03/01/2024, 23:22:14",1
"03/01/2024, 23:22:16",1
"03/01/2024, 23:22:18",1
"03/01/2024, 23:22:20",1
"03/01/2024, 23:22:22",1
"03/01/2024, 23:22:24",1
"03/01/2024, 23:22:26",1
"03/01/2024, 23:22:28",1
"03/01/2024, 23:22:30",1
"03/01/2024, 23:22:32",1
"03/01/2024, 23:22:34",1
"03/01/2024, 23:22:36",1
"03/01/2024, 23:22:38",1
"03/01/2024, 23:22:40",1
"03/01/2024, 23:22:42",1
"03/01/2024, 23:22:44",1
"03/01/2024, 23:22:46",1
"03/01/2024, 23:22:48",1
"03/01/2024, 23:22:50",1
"03/01/2024, 23:22:52",1
"03/01/2024, 23:22:54",1
"03/01/2024, 23:22:56",1
"03/01/2024, 23:22:58",1
"03/01/2024, 23:23:00",1
"03/01/2024, 23:23:02",1
"03/01/2024, 23:23:04",1
"03/01/2024, 23:23:06",1
"03/01/2024, 23:23:08",1
"03/01/2024, 23:23:10",1
"03/01/2024, 23:23:12",1
"03/01/2024, 23:23:14",1
"03/01/2024, 23:23:16",1
"03/01/2024, 23:23:18",1
"03/01/2024, 23:23:20",1
"03/01/2024, 23:23:22",1
"03/01/2024, 23:23:24",1
"03/01/2024, 23:23:26",1
"03/01/2024, 23:23:28",1
"03/01/2024, 23:23:30",1
"03/01/2024, 23:23:32",1
"03/01/2024, 23:23:34",1
"03/01/2024, 23:23:36",1
"03/01/2024, 23:23:38",1
"03/01/2024, 23:23:40",1
"03/01/2024, 23:23:42",1
"03/01/2024, 23:23:44",1
"03/01/2024, 23:23:46",1
"03/01/2024, 23:23:48",1
"03/01/2024, 23:23:50",1
"03/01/2024, 23:23:52",1
"03/01/2024, 23:23:54",1
"03/01/2024, 23:23:56",1
"03/01/2024, 23:23:58",1
"03/01/2024, 23:24:00",1
"03/01/2024, 23:24:02",1
"03/01/2024, 23:24:04",1
"03/01/2024, 23:24:06",1
"03/01/2024, 23:24:08",1
"03/01/2024, 23:24:10",1
"03/01/2024, 23:24:12",1
"03/01/2024, 23:24:14",1
"03/01/2024, 23:24:16",1
"03/01/2024, 23:24:18",1
"03/01/2024, 23:24:20",1
"03/01/2024, 23:24:22",1
"03/01/2024, 23:24:24",1
"03/01/2024, 23:24:26",1
"03/01/2024, 23:24:28",1
"03/01/2024, 23:24:30",1
"03/01/2024, 23:24:32",1
"03/01/2024, 23:24:34",1
"03/01/2024, 23:24:36",1
"03/01/2024, 23:24:38",1
"03/01/2024, 23:24:40",1
"03/01/2024, 23:24:42",1
"03/01/2024, 23:24:44",1
"03/01/2024, 23:24:46",1
"03/01/2024, 23:24:48",1
"03/01/2024, 23:24:50",1
"03/01/2024, 23:24:52",1
"03/01/2024, 23:24:54",1
"03/01/2024, 23:24:56",1
"03/01/2024, 23:24:58",1
"03/01/2024, 23:25:00",1
"03/01/2024, 23:25:02",1
"03/01/2024, 23:25:04",1
"03/01/2024, 23:25:06",1
"03/01/2024, 23:25:08",1
"03/01/2024, 23:25:10",1
"03/01/2024, 23:25:12",1
"03/01/2024, 23:25:14",1
"03/01/2024, 23:25:16",1
"03/01/2024, 23:25:18",1
"03/01/2024, 23:25:20",1
"03/01/2024, 23:25:22",1
"03/01/2024, 23:25:24",1
"03/01/2024, 23:25:26",1
"03/01/2024, 23:25:28",1
"03/01/2024, 23:25:30",1
"03/01/2024, 23:25:32",1
"03/01/2024, 23:25:34",1
"03/01/2024, 23:25:36",1
"03/01/2024, 23:25:38",1
"03/01/2024, 23:25:40",1
"03/01/2024, 23:25:42",1
"03/01/2024, 23:25:44",1
"03/01/2024, 23:25:46",1
"03/01/2024, 23:25:48",1
"03/01/2024, 23:25:50",1
"03/01/2024, 23:25:52",1
"03/01/2024, 23:25:54",1
"03/01/2024, 23:25:56",1
"03/01/2024, 23:25:58",1
"03/01/2024, 23:26:00",1
"03/01/2024, 23:26:02",1
"03/01/2024, 23:26:04",1
"03/01/2024, 23:26:06",1
"03/01/2024, 23:26:08",1
"03/01/2024, 23:26:10",1
"03/01/2024, 23:26:12",1
"03/01/2024, 23:26:14",1
"03/01/2024, 23:26:16",1
"03/01/2024, 23:26:18",1
"03/01/2024, 23:26:20",1
"03/01/2024, 23:26:22",1
"03/01/2024, 23:26:24",1
"03/01/2024, 23:26:26",1
"03/01/2024, 23:26:28",1
"03/01/2024, 23:26:30",1
"03/01/2024, 23:26:32",1
"03/01/2024, 23:26:34",1
"03/01/2024, 23:26:36",1
"03/01/2024, 23:26:38",1
"03/01/2024, 23:26:40",1
"03/01/2024, 23:26:42",1
"03/01/2024, 23:26:44",1
"03/01/2024, 23:26:46",1
"03/01/2024, 23:26:48",1
"03/01/2024, 23:26:50",1
"03/01/2024, 23:26:52",1
"03/01/2024, 23:26:54",1
"03/01/2024, 23:26:56",1
"03/01/2024, 23:26:58",1
"03/01/2024, 23:27:00",1
"03/01/2024, 23:27:02",1
"03/01/2024, 23:27:04",1
"03/01/2024, 23:27:06",1
"03/01/2024, 23:27:08",1
"03/01/2024, 23:27:10",1
"03/01/2024, 23:27:12",1
"03/01/2024, 23:27:14",1
"03/01/2024, 23:27:16",1
"03/01/2024, 23:27:18",1
"03/01/2024, 23:27:20",1
"03/01/2024, 23:27:22",1
"03/01/2024, 23:27:24",1
"03/01/2024, 23:27:26",1
"03/01/2024, 23:27:28",1
"03/01/2024, 23:27:30",1
"03/01/2024, 23:27:32",1
"03/01/2024, 23:27:34",1
"03/01/2024, 23:27:36",1
"03/01/2024, 23:27:38",1
"03/01/2024, 23:27:40",1
"03/01/2024, 23:27:42",1
"03/01/2024, 23:27:44",1
"03/01/2024, 23:27:46",1
"03/01/2024, 23:27:48",1
"03/01/2024, 23:27:50",1
"03/01/2024, 23:27:52",1
"03/01/2024, 23:27:54",1
"03/01/2024, 23:27:56",1
"03/01/2024, 23:27:58",1
"03/01/2024, 23:28:00",1
"03/01/2024, 23:28:02",1
"03/01/2024, 23:28:04",1
"03/01/2024, 23:28:06",1
"03/01/2024, 23:28:08",1
"03/01/2024, 23:28:10",1
"03/01/2024, 23:28:12",1
"03/01/2024, 23:28:14",1
"03/01/2024, 23:28:16",1
"03/01/2024, 23:28:18",1
"03/01/2024, 23:28:20",1
"03/01/2024, 23:28:22",1
"03/01/2024, 23:28:24",1
"03/01/2024, 23:28:26",1
"03/01/2024, 23:28:28",1
"03/01/2024, 23:28:30",1
"03/01/2024, 23:28:32",1
"03/01/2024, 23:28:34",1
"03/01/2024, 23:28:36",1
"03/01/2024, 23:28:38",1
"03/01/2024, 23:28:40",1
"03/01/2024, 23:28:42",1
"03/01/2024, 23:28:44",1
"03/01/2024, 23:28:46",1
"03/01/2024, 23:28:48",1
"03/01/2024, 23:28:50",1
"03/01/2024, 23:28:52",1
"03/01/2024, 23:28:54",1
"03/01/2024, 23:28:56",1
"03/01/2024, 23:28:58",1
"03/01/2024, 23:29:00",1
"03/01/2024, 23:29:02",1
"03/01/2024, 23:29:04",1
"03/01/2024, 23:29:06",1
"03/01/2024, 23:29:08",1
"03/01/2024, 23:29:10",1
"03/01/2024, 23:29:12",1
"03/01/2024, 23:29:14",1
"03/01/2024, 23:29:16",1
"03/01/2024, 23:29:18",1
"03/01/2024, 23:29:20",1
"03/01/2024, 23:29:22",1
"03/01/2024, 23:29:24",1
"03/01/2024, 23:29:26",1
"03/01/2024, 23:29:28",1
"03/01/2024, 23:29:30",1
"03/01/2024, 23:29:32",1
"03/01/2024, 23:29:34",1
"03/01/2024, 23:29:36",1
"03/01/2024, 23:29:38",1
"03/01/2024, 23:29:40",1
"03/01/2024, 23:29:42",1
"03/01/2024, 23:29:44",1
"03/01/2024, 23:29:46",1
"03/01/2024, 23:29:48",1
"03/01/2024, 23:29:50",1
"03/01/2024, 23:29:52",1
"03/01/2024, 23:29:54",1
"03/01/2024, 23:29:56",1
"03/01/2024, 23:29:58",1
"03/01/2024, 23:30:00",1
"03/01/2024, 23:30:02",1
"03/01/2024, 23:30:04",1
"03/01/2024, 23:30:06",1
"03/01/2024, 23:30:08",1
"03/01/2024, 23:30:10",1
"03/01/2024, 23:30:12",1
"03/01/2024, 23:30:14",1
"03/01/2024, 23:30:16",1
"03/01/2024, 23:30:18",1
"03/01/2024, 23:30:20",1
"03/01/2024, 23:30:22",1
"03/01/2024, 23:30:24",1
"03/01/2024, 23:30:26",1
"03/01/2024, 23:30:28",1
"03/01/2024, 23:30:30",1
"03/01/2024, 23:30:32",1
"03/01/2024, 23:30:34",1
"03/01/2024, 23:30:36",1
"03/01/2024, 23:30:38",1
"03/01/2024, 23:30:40",1
"03/01/2024, 23:30:42",1
"03/01/2024, 23:30:44",1
"03/01/2024, 23:30:46",1
"03/01/2024, 23:30:48",1
"03/01/2024, 23:30:50",1
"03/01/2024, 23:30:52",1
"03/01/2024, 23:30:54",1
"03/01/2024, 23:30:56",1
"03/01/2024, 23:30:58",1
"03/01/2024, 23:31:00",1
"03/01/2024, 23:31:02",1
"03/01/2024, 23:31:04",1
"03/01/2024, 23:31:06",1
"03/01/2024, 23:31:08",1
"03/01/2024, 23:31:10",1
"03/01/2024, 23:31:12",1
"03/01/2024, 23:31:14",1
"03/01/2024, 23:31:16",1
"03/01/2024, 23:31:18",1
"03/01/2024, 23:31:20",1
"03/01/2024, 23:31:22",1
"03/01/2024, 23:31:24",1
"03/01/2024, 23:31:26",1
"03/01/2024, 23:31:28",1
"03/01/2024, 23:31:30",1
"03/01/2024, 23:31:32",1
"03/01/2024, 23:31:34",1
"03/01/2024, 23:31:36",1
"03/01/2024, 23:31:38",1
"03/01/2024, 23:31:40",1
"03/01/2024, 23:31:42",1
"03/01/2024, 23:31:44",1
"03/01/2024, 23:31:46",1
"03/01/2024, 23:31:48",1
"03/01/2024, 23:31:50",1
"03/01/2024, 23:31:52",1
"03/01/2024, 23:31:54",1
"03/01/2024, 23:31:56",1
"03/01/2024, 23:31:58",1
"03/01/2024, 23:32:00",1
"03/01/2024, 23:32:02",1
"03/01/2024, 23:32:04",1
"03/01/2024, 23:32:06",1
"03/01/2024, 23:32:08",1
"03/01/2024, 23:32:10",1
"03/01/2024, 23:32:12",1
"03/01/2024, 23:32:14",1
"03/01/2024, 23:32:16",1
"03/01/2024, 23:32:18",1
"03/01/2024, 23:32:20",1
"03/01/2024, 23:32:22",1
"03/01/2024, 23:32:24",1
"03/01/2024, 23:32:26",1
"03/01/2024, 23:32:28",1
"03/01/2024, 23:32:30",1
"03/01/2024, 23:32:32",1
"03/01/2024, 23:32:34",1
"03/01/2024, 23:32:36",1
"03/01/2024, 23:32:38",1
"03/01/2024, 23:32:40",1
"03/01/2024, 23:32:42",1
"03/01/2024, 23:32:44",1
"03/01/2024, 23:32:46",1
"03/01/2024, 23:32:48",1
"03/01/2024, 23:32:50",1
"03/01/2024, 23:32:52",1
"03/01/2024, 23:32:54",1
"03/01/2024, 23:32:56",1
"03/01/2024, 23:32:58",1
"03/01/2024, 23:33:00",1
"03/01/2024, 23:33:02",1
"03/01/2024, 23:33:04",1
"03/01/2024, 23:33:06",1
"03/01/2024, 23:33:08",1
"03/01/2024, 23:33:10",1
"03/01/2024, 23:33:12",1
"03/01/2024, 23:33:14",1
"03/01/2024, 23:33:16",1
"03/01/2024, 23:33:18",1
"03/01/2024, 23:33:20",1
"03/01/2024, 23:33:22",1
"03/01/2024, 23:33:24",1
"03/01/2024, 23:33:26",1
"03/01/2024, 23:33:28",1
"03/01/2024, 23:33:30",1
"03/01/2024, 23:33:32",1
"03/01/2024, 23:33:34",1
"03/01/2024, 23:33:36",1
"03/01/2024, 23:33:38",1
"03/01/2024, 23:33:40",1
"03/01/2024, 23:33:42",1
"03/01/2024, 23:33:44",1
"03/01/2024, 23:33:46",1
"03/01/2024, 23:33:48",1
"03/01/2024, 23:33:50",1
"03/01/2024, 23:33:52",1
"03/01/2024, 23:33:54",1
"03/01/2024, 23:33:56",1
"03/01/2024, 23:33:58",1
"03/01/2024, 23:34:00",1
"03/01/2024, 23:34:02",1
"03/01/2024, 23:34:04",1
"03/01/2024, 23:34:06",1
"03/01/2024, 23:34:08",1
"03/01/2024, 23:34:10",1
"03/01/2024, 23:34:12",1
"03/01/2024, 23:34:14",1
"03/01/2024, 23:34:16",1
"03/01/2024, 23:34:18",1
"03/01/2024, 23:34:20",1
"03/01/2024, 23:34:22",1
"03/01/2024, 23:34:24",1
"03/01/2024, 23:34:26",1
"03/01/2024, 23:34:28",1
"03/01/2024, 23:34:30",1
"03/01/2024, 23:34:32",1
"03/01/2024, 23:34:34",1
"03/01/2024, 23:34:36",1
"03/01/2024, 23:34:38",1
"03/01/2024, 23:34:40",1
"03/01/2024, 23:34:42",1
"03/01/2024, 23:34:44",1
"03/01/2024, 23:34:46",1
"03/01/2024, 23:34:48",1
"03/01/2024, 23:34:50",1
"03/01/2024, 23:34:52",1
"03/01/2024, 23:34:54",1
"03/01/2024, 23:34:56",1
"03/01/2024, 23:34:58",1
"03/01/2024, 23:35:00",1
"03/01/2024, 23:35:02",1
"03/01/2024, 23:35:04",1
"03/01/2024, 23:35:06",1
"03/01/2024, 23:35:08",1
"03/01/2024, 23:35:10",1
"03/01/2024, 23:35:12",1
"03/01/2024, 23:35:14",1
"03/01/2024, 23:35:16",1
"03/01/2024, 23:35:18",1
"03/01/2024, 23:35:20",1
"03/01/2024, 23:35:22",1
"03/01/2024, 23:35:24",1
"03/01/2024, 23:35:26",1
"03/01/2024, 23:35:28",1
"03/01/2024, 23:35:30",1
"03/01/2024, 23:35:32",1
"03/01/2024, 23:35:34",1
"03/01/2024, 23:35:36",1
"03/01/2024, 23:35:38",1
"03/01/2024, 23:35:40",1
"03/01/2024, 23:35:42",1
"03/01/2024, 23:35:44",1
"03/01/2024, 23:35:46",1
"03/01/2024, 23:35:48",1
"03/01/2024, 23:35:51",1
"03/01/2024, 23:35:52",1
"03/01/2024, 23:35:54",1
"03/01/2024, 23:35:57",1
"03/01/2024, 23:35:58",1
"03/01/2024, 23:36:01",1
"03/01/2024, 23:36:02",1
"03/01/2024, 23:36:04",1
"03/01/2024, 23:36:07",1
"03/01/2024, 23:36:09",1
"03/01/2024, 23:36:11",1
"03/01/2024, 23:36:13",1
"03/01/2024, 23:36:15",1
"03/01/2024, 23:36:17",1
"03/01/2024, 23:36:19",1
"03/01/2024, 23:36:21",1
"03/01/2024, 23:36:23",1
"03/01/2024, 23:36:25",1
"03/01/2024, 23:36:27",1
"03/01/2024, 23:36:29",1
"03/01/2024, 23:36:31",1
"03/01/2024, 23:36:33",1
"03/01/2024, 23:36:35",1
"03/01/2024, 23:36:37",1
"03/01/2024, 23:36:39",1
"03/01/2024, 23:36:41",1
"03/01/2024, 23:36:43",1
"03/01/2024, 23:36:45",1
"03/01/2024, 23:36:47",1
"03/01/2024, 23:36:49",1
"03/01/2024, 23:36:51",1
"03/01/2024, 23:36:53",1
"03/01/2024, 23:36:55",1
"03/01/2024, 23:36:57",1
"03/01/2024, 23:36:59",1
"03/01/2024, 23:37:01",1
"03/01/2024, 23:37:03",1
"03/01/2024, 23:37:05",1
"03/01/2024, 23:37:07",1
"03/01/2024, 23:37:09",1
"03/01/2024, 23:37:11",1
"03/01/2024, 23:37:13",1
"03/01/2024, 23:37:15",1
"03/01/2024, 23:37:17",1
"03/01/2024, 23:37:19",1
"03/01/2024, 23:37:21",1
"03/01/2024, 23:37:23",1
"03/01/2024, 23:37:25",1
"03/01/2024, 23:37:27",1
"03/01/2024, 23:37:29",1
"03/01/2024, 23:37:31",1
"03/01/2024, 23:37:33",1
"03/01/2024, 23:37:35",1
"03/01/2024, 23:37:37",1
"03/01/2024, 23:37:39",1
"03/01/2024, 23:37:41",1
"03/01/2024, 23:37:43",1
"03/01/2024, 23:37:45",1
"03/01/2024, 23:37:47",1
"03/01/2024, 23:37:49",1
"03/01/2024, 23:37:51",1
"03/01/2024, 23:37:53",1
"03/01/2024, 23:37:55",1
"03/01/2024, 23:37:57",1
"03/01/2024, 23:37:59",1
"03/01/2024, 23:38:01",1
"03/01/2024, 23:38:03",1
"03/01/2024, 23:38:05",1
"03/01/2024, 23:38:07",1
"03/01/2024, 23:38:09",1
"03/01/2024, 23:38:11",1
"03/01/2024, 23:38:13",1
"03/01/2024, 23:38:15",1
"03/01/2024, 23:38:17",1
"03/01/2024, 23:38:19",1
"03/01/2024, 23:38:21",1
"03/01/2024, 23:38:23",1
"03/01/2024, 23:38:25",1
"03/01/2024, 23:38:27",1
"03/01/2024, 23:38:29",1
"03/01/2024, 23:38:31",1
"03/01/2024, 23:38:33",1
"03/01/2024, 23:38:35",1
"03/01/2024, 23:38:37",1
"03/01/2024, 23:38:39",1
"03/01/2024, 23:38:41",1
"03/01/2024, 23:38:43",1
"03/01/2024, 23:38:45",1
"03/01/2024, 23:38:47",1
"03/01/2024, 23:38:49",1
"03/01/2024, 23:38:51",1
"03/01/2024, 23:38:53",1
"03/01/2024, 23:38:55",1
"03/01/2024, 23:38:57",1
"03/01/2024, 23:38:59",1
"03/01/2024, 23:39:01",1
"03/01/2024, 23:39:03",1
"03/01/2024, 23:39:05",1
"03/01/2024, 23:39:07",1
"03/01/2024, 23:39:09",1
"03/01/2024, 23:39:11",1
"03/01/2024, 23:39:13",1
"03/01/2024, 23:39:15",1
"03/01/2024, 23:39:17",1
"03/01/2024, 23:39:19",1
"03/01/2024, 23:39:21",1
"03/01/2024, 23:39:23",1
"03/01/2024, 23:39:25",1
"03/01/2024, 23:39:27",1
"03/01/2024, 23:39:29",1
"03/01/2024, 23:39:31",1
"03/01/2024, 23:39:33",1
"03/01/2024, 23:39:35",1
"03/01/2024, 23:39:37",1
"03/01/2024, 23:39:39",1
"03/01/2024, 23:39:41",1
"03/01/2024, 23:39:43",1
"03/01/2024, 23:39:45",1
"03/01/2024, 23:39:47",1
"03/01/2024, 23:39:49",1
"03/01/2024, 23:39:51",1
"03/01/2024, 23:39:53",1
"03/01/2024, 23:39:55",1
"03/01/2024, 23:39:57",1
"03/01/2024, 23:39:59",1
"03/01/2024, 23:40:01",1
"03/01/2024, 23:40:03",1
"03/01/2024, 23:40:05",1
"03/01/2024, 23:40:07",1
"03/01/2024, 23:40:09",1
"03/01/2024, 23:40:11",1
"03/01/2024, 23:40:13",1
"03/01/2024, 23:40:15",1
"03/01/2024, 23:40:17",1
"03/01/2024, 23:40:19",1
"03/01/2024, 23:40:21",1
"03/01/2024, 23:40:23",1
"03/01/2024, 23:40:25",1
"03/01/2024, 23:40:27",1
"03/01/2024, 23:40:29",1
"03/01/2024, 23:40:31",1
"03/01/2024, 23:40:33",1
"03/01/2024, 23:40:35",1
"03/01/2024, 23:40:37",1
"03/01/2024, 23:40:39",1
"03/01/2024, 23:40:41",1
"03/01/2024, 23:40:43",1
"03/01/2024, 23:40:45",1
"03/01/2024, 23:40:47",1
"03/01/2024, 23:40:49",1
"03/01/2024, 23:40:51",1
"03/01/2024, 23:40:53",1
"03/01/2024, 23:40:55",1
"03/01/2024, 23:40:57",1
"03/01/2024, 23:40:59",1
"03/01/2024, 23:41:01",1
"03/01/2024, 23:41:03",1
"03/01/2024, 23:41:05",1
"03/01/2024, 23:41:07",1
"03/01/2024, 23:41:09",1
"03/01/2024, 23:41:11",1
"03/01/2024, 23:41:13",1
"03/01/2024, 23:41:15",1
"03/01/2024, 23:41:17",1
"03/01/2024, 23:41:19",1
"03/01/2024, 23:41:21",1
"03/01/2024, 23:41:23",1
"03/01/2024, 23:41:25",1
"03/01/2024, 23:41:27",1
"03/01/2024, 23:41:29",1
"03/01/2024, 23:41:31",1
"03/01/2024, 23:41:33",1
"03/01/2024, 23:41:35",1
"03/01/2024, 23:41:37",1
"03/01/2024, 23:41:39",1
"03/01/2024, 23:41:41",1
"03/01/2024, 23:41:43",1
"03/01/2024, 23:41:45",1
"03/01/2024, 23:41:47",1
"03/01/2024, 23:41:49",1
"03/01/2024, 23:41:51",1
"03/01/2024, 23:41:53",1
"03/01/2024, 23:41:55",1
"03/01/2024, 23:41:57",1
"03/01/2024, 23:41:59",1
"03/01/2024, 23:42:01",1
"03/01/2024, 23:42:03",1
"03/01/2024, 23:42:05",1
"03/01/2024, 23:42:07",1
"03/01/2024, 23:42:09",1
"03/01/2024, 23:42:11",1
"03/01/2024, 23:42:13",1
"03/01/2024, 23:42:15",1
"03/01/2024, 23:42:17",1
"03/01/2024, 23:42:19",1
"03/01/2024, 23:42:21",1
"03/01/2024, 23:42:23",1
"03/01/2024, 23:42:25",1
"03/01/2024, 23:42:27",1
"03/01/2024, 23:42:29",1
"03/01/2024, 23:42:31",1
"03/01/2024, 23:42:33",1
"03/01/2024, 23:42:35",1
"03/01/2024, 23:42:37",1
"03/01/2024, 23:42:39",1
"03/01/2024, 23:42:41",1
"03/01/2024, 23:42:43",1
"03/01/2024, 23:42:45",1
"03/01/2024, 23:42:47",1
"03/01/2024, 23:42:49",1
"03/01/2024, 23:42:51",1
"03/01/2024, 23:42:53",1
"03/01/2024, 23:42:55",1
"03/01/2024, 23:42:57",1
"03/01/2024, 23:42:59",1
"03/01/2024, 23:43:01",1
"03/01/2024, 23:43:03",1
"03/01/2024, 23:43:05",1
"03/01/2024, 23:43:07",1
"03/01/2024, 23:43:09",1
"03/01/2024, 23:43:11",1
"03/01/2024, 23:43:13",1
"03/01/2024, 23:43:15",1
"03/01/2024, 23:43:17",1
"03/01/2024, 23:43:19",1
"03/01/2024, 23:43:21",1
"03/01/2024, 23:43:23",1
"03/01/2024, 23:43:25",1
"03/01/2024, 23:43:27",1
"03/01/2024, 23:43:29",1
"03/01/2024, 23:43:31",1
"03/01/2024, 23:43:33",1
"03/01/2024, 23:43:35",1
"03/01/2024, 23:43:37",1
"03/01/2024, 23:43:39",1
"03/01/2024, 23:43:41",1
"03/01/2024, 23:43:43",1
"03/01/2024, 23:43:45",1
"03/01/2024, 23:43:47",1
"03/01/2024, 23:43:49",1
"03/01/2024, 23:43:51",1
"03/01/2024, 23:43:53",1
"03/01/2024, 23:43:55",1
"03/01/2024, 23:43:57",1
"03/01/2024, 23:43:59",1
"03/01/2024, 23:44:01",1
"03/01/2024, 23:44:03",1
"03/01/2024, 23:44:05",1
"03/01/2024, 23:44:07",1
"03/01/2024, 23:44:09",1
"03/01/2024, 23:44:11",1
"03/01/2024, 23:44:13",1
"03/01/2024, 23:44:15",1
"03/01/2024, 23:44:17",1
"03/01/2024, 23:44:19",1
"03/01/2024, 23:44:21",1
"03/01/2024, 23:44:23",1
"03/01/2024, 23:44:25",1
"03/01/2024, 23:44:27",1
"03/01/2024, 23:44:29",1
"03/01/2024, 23:44:31",1
"03/01/2024, 23:44:33",1
"03/01/2024, 23:44:35",1
"03/01/2024, 23:44:37",1
"03/01/2024, 23:44:39",1
"03/01/2024, 23:44:41",1
"03/01/2024, 23:44:43",1
"03/01/2024, 23:44:45",1
"03/01/2024, 23:44:47",1
"03/01/2024, 23:44:49",1
"03/01/2024, 23:44:51",1
"03/01/2024, 23:44:53",1
"03/01/2024, 23:44:55",1
"03/01/2024, 23:44:57",1
"03/01/2024, 23:44:59",1
"03/01/2024, 23:45:01",1
"03/01/2024, 23:45:03",1
"03/01/2024, 23:45:05",1
"03/01/2024, 23:45:07",1
"03/01/2024, 23:45:09",1
"03/01/2024, 23:45:11",1
"03/01/2024, 23:45:13",1
"03/01/2024, 23:45:15",1
"03/01/2024, 23:45:17",1
"03/01/2024, 23:45:19",1
"03/01/2024, 23:45:21",1
"03/01/2024, 23:45:23",1
"03/01/2024, 23:45:25",1
"03/01/2024, 23:45:27",1
"03/01/2024, 23:45:29",1
"03/01/2024, 23:45:31",1
"03/01/2024, 23:45:33",1
"03/01/2024, 23:45:35",1
"03/01/2024, 23:45:37",1
"03/01/2024, 23:45:39",1
"03/01/2024, 23:45:41",1
"03/01/2024, 23:45:43",1
"03/01/2024, 23:45:45",1
"03/01/2024, 23:45:47",1
"03/01/2024, 23:45:49",1
"03/01/2024, 23:45:51",1
"03/01/2024, 23:45:53",1
"03/01/2024, 23:45:55",1
"03/01/2024, 23:45:57",1
"03/01/2024, 23:45:59",1
"03/01/2024, 23:46:01",1
"03/01/2024, 23:46:03",1
"03/01/2024, 23:46:05",1
"03/01/2024, 23:46:07",1
"03/01/2024, 23:46:09",1
"03/01/2024, 23:46:11",1
"03/01/2024, 23:46:13",1
"03/01/2024, 23:46:15",1
"03/01/2024, 23:46:17",1
"03/01/2024, 23:46:19",1
"03/01/2024, 23:46:21",1
"03/01/2024, 23:46:23",1
"03/01/2024, 23:46:25",1
"03/01/2024, 23:46:27",1
"03/01/2024, 23:46:29",1
"03/01/2024, 23:46:31",1
"03/01/2024, 23:46:33",1
"03/01/2024, 23:46:35",1
"03/01/2024, 23:46:37",1
"03/01/2024, 23:46:39",1
"03/01/2024, 23:46:41",1
"03/01/2024, 23:46:43",1
"03/01/2024, 23:46:45",1
"03/01/2024, 23:46:47",1
"03/01/2024, 23:46:49",1
"03/01/2024, 23:46:51",1
"03/02/2024, 01:01:08",1
"03/02/2024, 01:01:10",1
"03/02/2024, 01:01:11",1
"03/02/2024, 01:01:12",1
"03/02/2024, 01:01:14",1
"03/02/2024, 01:01:16",1
"03/02/2024, 01:01:18",1
"03/02/2024, 01:01:20",1
"03/02/2024, 01:01:22",1
"03/02/2024, 01:01:24",1
"03/02/2024, 01:01:26",1
"03/02/2024, 01:01:28",1
"03/02/2024, 01:01:30",1
"03/02/2024, 01:01:32",1
"03/02/2024, 01:01:34",1
"03/02/2024, 01:01:36",1
"03/02/2024, 01:01:38",1
"03/02/2024, 01:01:40",1
"03/02/2024, 01:01:42",1
"03/02/2024, 01:01:44",1
"03/02/2024, 01:01:46",1
"03/02/2024, 01:01:48",1
"03/02/2024, 01:01:50",1
"03/02/2024, 01:01:52",1
"03/02/2024, 01:01:54",1
"03/02/2024, 01:01:56",1
"03/02/2024, 01:01:58",1
"03/02/2024, 01:02:00",1
"03/02/2024, 01:02:02",1
"03/02/2024, 01:02:04",1
"03/02/2024, 01:02:06",1
"03/02/2024, 01:02:08",1
"03/02/2024, 01:02:10",1
"03/02/2024, 01:02:12",1
"03/02/2024, 01:02:14",1
"03/02/2024, 01:02:16",1
"03/02/2024, 01:02:18",1
"03/02/2024, 01:02:20",1
"03/02/2024, 01:02:22",1
"03/02/2024, 01:02:24",1
"03/02/2024, 01:02:26",1
"03/02/2024, 01:02:28",1
"03/02/2024, 01:02:30",1
"03/02/2024, 01:02:32",1
"03/02/2024, 01:02:34",1
"03/02/2024, 01:02:36",1
"03/02/2024, 01:02:38",1
"03/02/2024, 01:02:40",1
"03/02/2024, 01:02:42",1
"03/02/2024, 01:02:44",1
"03/02/2024, 01:02:46",1
"03/02/2024, 01:02:48",1
"03/02/2024, 01:02:51",1
"03/02/2024, 01:02:52",1
"03/02/2024, 01:02:54",1
"03/02/2024, 01:02:56",1
"03/02/2024, 01:02:58",1
"03/02/2024, 01:03:01",1
"03/02/2024, 01:03:02",1
"03/02/2024, 01:03:04",1
"03/02/2024, 01:03:06",1
"03/02/2024, 01:03:08",1
"03/02/2024, 01:03:10",1
"03/02/2024, 01:03:12",1
"03/02/2024, 01:03:14",1
"03/02/2024, 01:03:16",1
"03/02/2024, 01:03:18",1
"03/02/2024, 01:03:20",1
"03/02/2024, 01:03:22",1
"03/02/2024, 01:03:24",1
"03/02/2024, 01:03:26",1
"03/02/2024, 01:03:28",1
"03/02/2024, 01:03:30",1
"03/02/2024, 01:03:32",1
"03/02/2024, 01:03:34",1
"03/02/2024, 01:03:36",1
"03/02/2024, 01:03:38",1
"03/02/2024, 01:03:40",1
"03/02/2024, 01:03:42",1
"03/02/2024, 01:03:44",1
"03/02/2024, 01:03:46",1
"03/02/2024, 01:03:48",1
"03/02/2024, 01:03:50",1
"03/02/2024, 01:03:52",1
"03/02/2024, 01:03:54",1
"03/02/2024, 01:03:56",1
